Country Name	1960	1961	1962	1963	1964	1965	1966	1967	1968	1969	1970	1971	1972	1973	1974	1975	1976	1977	1978	1979	1980	1981	1982	1983	1984	1985	1986	1987	1988	1989	1990	1991	1992	1993	1994	1995	1996	1997	1998	1999	2000	2001	2002	2003	2004	2005	2006	2007	2008	2009	2010	2011	2012	2013	2014	2015	2016	2017	2018
Aruba																																																											
Afghanistan																																14.56099987	14.06799984	14.70199966	14.66899967	15.47799969	14.2329998	14.23900032	14.22999954	14.28499985	14.37100029	14.65699959	15.81700039	13.70100021	14.29599953	13.59300041	13.68500042	12.86299992	13.14299965	11.93400002	12.40100002	12.81900024	12.57400036	13.05099964	13.28800011	13.43200016	13.01599979	12.70600033	12.42399979
Angola																																25.29100037	25.17200089	25.14100075	25.47400093	25.92099953	25.94099998	25.72999954	25.62199974	25.49699974	25.47900009	25.50300026	25.80400085	25.45100021	25.5890007	23.15600014	20.65200043	18.13800049	15.57400036	12.86499977	10.40799999	7.702000141	7.697999954	7.69299984	7.653999805	7.618999958	8.11400032	8.645000458	9.081000328
Albania																																27.68000031	28.0170002	29.64699936	29.58099937	29.47599983	29.79800034	29.69199944	29.79500008	29.84499931	29.2689991	29.28199959	26.94300079	24.56599998	22.12199974	19.61700058	17.00099945	13.22900009	12.73999977	15.79699993	13.70100021	13.35900021	12.73700047	13.05300045	15.11200047	17.13899994	14.54899979	13.2840004	14.76099968
Andorra																																																											
Arab World																																17.79467631	17.43625497	18.59920186	19.74334671	20.54124356	18.28503251	17.50828827	18.56041727	17.02586718	18.47745056	18.93427753	19.49746442	19.76424579	18.73393664	19.75903449	18.53354061	17.20656453	17.12573974	18.27808221	19.40042486	19.07901241	19.64091153	19.16063086	19.10102669	19.18352137	19.06193061	18.90970002	18.70909021
United Arab Emirates																																2.430999994	2.438999891	2.454999924	2.385999918	2.358999968	2.459000111	2.52699995	2.650000095	2.700000048	2.717999935	3.723999977	4.649000168	5.47300005	6.322000027	7.21600008	8.092000008	9.020000458	15.21000004	13.19900036	11.76799965	10.42000008	9.210000038	7.988999844	6.837999821	5.677999973	4.59800005	4.593999863	4.623000145
Argentina																																5.747000217	6.712999821	12.61100006	13.97500038	22.2689991	19.23600006	17.70199966	14.06400013	15.17300034	16.37400055	17.19199944	18.8220005	17.57699966	15.81599998	13.59200001	12.42500019	10.97799969	9.751999855	9.87100029	9.225999832	8.513999939	8.838999748	8.505999565	8.399999619	8.234000206	9.55700016	9.524000168	9.119000435
Armenia																																2.676000118	2.421000004	7.497000217	8.612999916	10.26900005	14.90299988	17.14500046	13.65699959	15.22700024	15.84200001	16.47800064	17.15800095	17.67499924	18.07900047	18.71100044	19.19799995	19.70499992	19.85199928	19.86199951	21.29400063	19.64800072	18.1989994	18.13299942	19.47299957	19.25799942	17.82699966	18.4829998	18.70599937
American Samoa																																																											
Antigua and Barbuda																																																											
Australia																																9.147999763	9.925999641	9.993000031	9.362000465	8.109000206	8.241999626	8.069999695	7.333000183	6.653999805	6.053999901	6.44299984	6.163000107	5.980000019	5.534999847	5.217999935	4.918000221	4.788000107	4.56400013	5.401000023	5.380000114	5.303999901	5.31799984	5.605000019	6.162000179	6.071000099	5.784999847	5.665999889	5.570000172
Austria																																3.54399991	3.770999908	4.5	3.957000017	4.906000137	5.205999851	5.269000053	5.587999821	4.762000084	4.593999863	4.133999825	4.52699995	4.340000153	5.885000229	5.860000134	5.599999905	5.302000046	4.412000179	5.084000111	4.631000042	4.576000214	4.795000076	5.287000179	5.380000114	5.303999901	5.535999775	5.031000137	4.934999943
Azerbaijan																																10.31499958	8.324000359	8.395999908	8.501000404	8.68500042	12.92099953	12.99100018	12.90499973	12.97599983	12.75599957	11.52799988	10.35999966	9.239999771	8.050999641	7.350999832	6.346000195	5.313000202	4.968999863	6.558000088	6.90199995	6.451000214	6.093999863	5.946000099	5.839000225	5.867000103	5.907000065	5.406000137	5.40500021
Burundi																																1.146999955	1.13499999	1.126000047	1.128000021	1.129999995	1.133000016	1.144999981	1.159000039	1.161000013	1.171000004	1.174000025	1.177000046	1.177999973	1.17900002	1.177000046	1.174999952	1.167000055	1.164000034	1.146000028	1.131999969	1.111999989	1.093999982	1.077999949	1.139000058	1.136000037	1.133999944	1.121000051	1.108999968
Belgium																																10.6590004	9.505999565	10.82600021	12.43099976	12.2159996	12.40200043	11.55300045	11.70100021	10.2159996	8.284000397	6.923999786	7.802999973	7.999000072	8.279000282	9.51099968	9.317000389	8.449999809	7.605000019	8.11400032	8.515000343	7.177999973	7.40899992	8.173999786	7.936999798	7.768000126	7.559999943	7.058000088	6.428999901
Benin																																0.582000017	0.579999983	0.565999985	0.546000004	0.531000018	0.513000011	0.497000009	0.477999985	0.460999995	0.442999989	0.425999999	0.425999999	0.549000025	0.667999983	0.778999984	0.888999999	0.995999992	1.093999982	1.184999943	1.187000036	2.868000031	2.862999916	2.857000113	2.849999905	2.842000008	2.753999949	2.671000004	2.595999956
Burkina Faso																																2.808000088	2.77699995	2.785000086	2.780999899	2.76699996	2.753000021	2.707999945	2.680999994	2.742000103	2.779999971	2.857000113	2.904000044	2.996999979	3.642999887	4.322999954	1.620000005	3.568000078	4.438000202	5.269999981	6.166999817	6.993000031	7.829999924	8.654999733	9.526000023	9.517999649	9.293999672	9.109999657	8.94699955
Bangladesh																																2.921999931	2.755000114	2.582999945	2.404000044	2.22300005	1.899999976	2.178999901	2.460999966	2.726000071	2.937000036	3.211999893	3.506000042	4.605999947	5.926000118	6.964000225	6.394999981	5.709000111	6.21600008	7.361000061	4.15500021	4.892000198	5.630000114	7.077000141	7.152999878	7.217999935	7.191999912	7.041999817	6.912000179
Bulgaria																																22.04500008	22.28899956	21.97999954	20.16500092	16.12899971	13.71800041	13.48900032	11.77499962	14.15400028	15.81400013	18.8579998	17.35700035	13.18799973	11.62199974	9.831999779	9.303999901	7.294000149	5.762000084	6.625	9.607999802	10.10999966	10.84000015	11.8409996	10.39900017	8.413000107	6.964000225	5.946000099	4.75
Bahrain																																4.684999943	4.59800005	4.572000027	4.589000225	4.553999901	4.461999893	4.409999847	4.333000183	4.287000179	4.255000114	4.322000027	4.276000023	4.193999767	4.131000042	4.052999973	4.040999889	3.980999947	3.903000116	3.832000017	3.703999996	4.052999973	3.897000074	3.898999929	3.914999962	3.926000118	3.967000008	3.977999926	4.017000198
"Bahamas, The"																																11.88599968	15.72399998	12.9989996	15.22900009	11.6960001	14.48600006	11.12199974	9.737999916	9.225999832	8.565999985	7.196000099	9.131999969	11.59700012	10.94200039	11.10099983	8.357999802	9.024000168	9.156999588	13.80000019	14.16699982	15.3039999	13.74600029	17.21299934	14.64999962	12.70699978	13.99199963	13.77799988	13.62100029
Bosnia and Herzegovina																																21.15200043	22.03300095	23.7159996	27.78100014	30.28700066	29.40699959	29.66500092	29.82500076	30.12199974	29.93600082	30.34399986	31.44400024	31.98500061	33.06999969	33.80599976	34.6629982	32.66199875	26.46299934	25.54299927	29.80400085	29.82099915	30.7310009	28.90999985	31.15200043	30.68600082	29.57799911	29.87100029	30.22100067
Belarus																																0.976000011	0.611999989	0.633000016	0.624000013	0.629000008	0.912999988	0.893000007	0.893000007	0.902999997	0.896000028	0.898000002	0.898000002	0.893999994	0.887000024	0.885999978	0.88499999	0.88499999	0.882000029	0.899999976	1.149999976	0.680000007	0.620999992	0.510999978	0.490999997	0.495999992	0.507000029	0.512000024	0.50999999
Belize																																2.167999983	8.303999901	14.35000038	15.72299957	18.05800056	18.66799927	20.75600052	21.79400063	20.62800026	18.06100082	15.50199986	15.1619997	15.68299961	16.1970005	17.29299927	14.99699974	13.01200008	12.68299961	15.34399986	17.75699997	20.09799957	22.22999954	17.5909996	19.71500015	15.07600021	13.58199978	14.47399998	14.43400002
Bermuda																																																											
Bolivia																																6.195000172	5.566999912	5.239999771	2.84800005	4.106999874	5.552000046	2.032999992	3.434999943	4.836999893	5.636000156	6.441999912	6.914999962	6.013999939	5.114999771	6.008999825	5.289999962	5.789000034	3.382999897	3.448999882	3.059999943	2.671000004	2.799000025	2.96600008	2.851999998	3.801000118	4.106999874	4.111999989	4.098999977
Brazil																																7.433000088	8.083999634	7.440999985	7.882999897	7.275000095	8.697999954	9.923000336	11.59899998	12.19200039	12.63599968	11.97399998	11.60900021	12.38799953	11.73799992	12.30500031	11.06999969	10.85299969	10.25500011	11.0880003	9.861000061	9.149000168	9.059000015	8.784000397	8.118000031	10.06499958	13.46899986	15.33600044	13.86900043
Barbados																																26.29400063	25.99399948	28.0189991	28.31200027	22.99699974	17.80400085	18.18099976	16.48900032	13.48099995	11.55900002	11.8380003	12.29500008	12.63199997	11.06099987	10.29100037	9.017000198	7.708000183	8.352000237	9.949000359	10.41600037	10.87800026	11.36699963	11.41399956	12.7130003	10.56499958	10.09200001	10.10499954	10.00699997
Brunei Darussalam																																5.960000038	6.138000011	6.140999794	6.25	6.315000057	6.40899992	6.458000183	6.607999802	6.771999836	6.813000202	6.886000156	6.914000034	6.929999828	6.938000202	6.986000061	7.065000057	6.986999989	6.971000195	7.013999939	7.146999836	7.092999935	6.959000111	6.827000141	8.090999603	7.933000088	8.036000252	8.192000389	8.213000298
Bhutan																																1.684000015	1.68900001	1.677999973	1.671000004	1.649999976	1.65199995	1.659999967	1.667999983	1.667000055	2.048000097	2.255000114	2.217999935	2.134000063	2.960999966	3.707000017	3.766000032	4.486999989	4.622000217	5.589000225	4.212999821	4.875	2.227999926	3.773999929	3.661000013	3.368000031	3.316999912	3.273999929	3.275000095
Botswana																																17.12400055	18.61300087	20.09900093	23.06999969	23.65500069	24.23699951	24.00399971	23.77099991	20.52799988	17.30200005	22.20899963	24.3939991	26.57799911	24.99099922	23.40600014	20.24799919	20.13800049	20.02499962	19.80800056	21.63599968	21.4260006	21.28899956	21.44499969	21.0720005	20.73699951	20.78800011	20.9640007	21.18899918
Central African Republic																																6.738999844	6.725999832	6.744999886	6.837999821	6.772999763	6.68599987	6.828000069	6.796999931	6.798999786	6.749000072	6.78399992	6.796999931	6.747000217	6.836999893	6.840000153	6.868999958	6.873000145	6.854000092	6.855000019	6.869999886	6.883999825	6.90899992	6.803999901	6.951000214	7.031000137	6.826000214	6.645999908	6.482999802
Canada																																9.692000389	10.19200039	10.67800045	9.798000336	9.109999657	9.289999962	8.918999672	7.991000175	7.285999775	6.693999767	6.856999874	7.116000175	7.15199995	6.852000237	6.465000153	6.09100008	5.65199995	5.651000023	7.000999928	7.239999771	7.006999969	6.815000057	6.596000195	6.387000084	6.289999962	6.238999844	5.848999977	5.422999859
Central Europe and the Baltics																																11.23175194	11.70844293	12.34654583	12.60251285	11.69706268	10.89299888	9.987994987	9.583186043	10.59644242	12.98192873	13.65063965	14.05452377	13.30277777	13.1258001	12.70470411	10.6140017	8.207719687	6.987952536	8.464917286	9.823034201	9.884990639	10.13665195	10.24162334	9.164236307	7.904777633	6.439113653	5.264505319	4.636500232
Switzerland																																2.523000002	3.529999971	4.572000027	4.421000004	3.923000097	4.089000225	3.986000061	4.140999794	3.572999954	3.132999897	3.460000038	3.095000029	4.492000103	4.768000126	5.092000008	4.710999966	4.508999825	3.967999935	4.522999763	5.195000172	4.804999828	4.722000122	4.921999931	4.991000175	4.912000179	5.011000156	5.061999798	5.052000046
Channel Islands																																8.901000023	8.55700016	8.098999977	7.769999981	7.972000122	7.927000046	7.768000126	7.710999966	7.644999981	7.565000057	7.758999825	7.798999786	7.602000237	7.815999985	7.763000011	7.81400013	7.798999786	8.269000053	8.428999901	7.828000069	7.94299984	7.953999996	7.856999874	7.68200016	7.808000088	7.982999802	8.206999779	8.397000313
Chile																																5.699999809	5.329999924	5.106999874	6.78399992	5.251999855	7.872000217	7.656000137	7.552000046	10.63399982	10.01299953	9.670999527	9.571000099	9.661000252	10.43200016	9.777999878	9.418000221	8.600000381	9.501999855	10.67399979	9.914999962	8.87100029	8.138999939	7.176000118	7.125999928	7.142000198	7.269000053	7.46600008	7.605999947
China																																4.535999775	4.039999962	3.959000111	3.944999933	4.117000103	4.133999825	4.125999928	4.228000164	4.18900013	4.026000023	4.019999981	3.90899992	3.806999922	3.803999901	3.655999899	3.532999992	3.312999964	3.838000059	3.76699996	3.678999901	3.795000076	3.90199995	3.957999945	3.999000072	4.005000114	4.131000042	4.236999989	4.346000195
Cote d'Ivoire																																9.125	9.121999741	8.220000267	7.315999985	5.55700016	5.559999943	5.561999798	5.543000221	5.390999794	5.242000103	5.118999958	4.980999947	4.853000164	4.739999771	4.617000103	4.491000175	4.368000031	4.25	4.132999897	4.006999969	3.869999886	3.803999901	3.684000015	3.565000057	3.447000027	3.349999905	3.342999935	3.335000038
Cameroon																																6.339000225	6.356999874	6.368999958	6.379000187	6.446000099	6.478000164	6.53000021	6.565999985	6.592000008	6.620999813	6.675000191	6.166999817	5.663000107	5.181000233	4.612999916	3.970999956	3.329999924	3.72300005	4.116000175	4.901000023	5.010000229	5.106999874	5.203000069	5.285999775	5.258999825	5.224999905	5.168000221	5.126999855
"Congo, Dem. Rep."																																4.210999966	4.21600008	4.218999863	4.231999874	4.28000021	4.258999825	4.242000103	4.254000187	4.256999969	4.249000072	4.27699995	4.313000202	4.333000183	4.342999935	4.342000008	4.347000122	4.353000164	4.355999947	4.350999832	4.362999916	4.367000103	4.370999813	4.375999928	4.376999855	4.370999813	4.326000214	4.31400013	4.304999828
"Congo, Rep."																																21.63100052	21.61100006	21.48200035	21.40500069	21.5170002	21.50099945	21.34499931	21.41699982	21.23200035	21.39299965	21.28100014	21.25900078	21.11899948	21.12800026	21.17000008	20.1079998	18.92099953	18.04700089	17.25099945	15.59899998	13.99800014	10.7130003	10.71199989	10.72099972	10.72299957	11.1079998	11.67199993	12.0880003
Colombia																																14.72900009	14.38700008	12.28499985	13.68599987	12.06999969	15.74600029	15.85999966	18.80999947	24.19199944	25.62199974	19.87599945	20.43300056	19.07299995	18.31100082	16.06200027	17.15500069	14.84000015	14.76399994	15.87300014	14.1619997	13.2510004	12.84700012	11.87100029	11.18200016	10.93200016	10.65400028	11.45300007	11.65200043
Comoros																																4.953000069	5.005000114	4.974999905	4.938000202	4.962999821	4.925000191	4.946000099	4.914000034	4.903999805	4.882999897	4.881000042	4.870999813	4.846000195	4.813000202	4.791999817	4.778999805	4.763000011	4.747000217	4.728000164	4.710999966	4.695000172	4.677000046	4.659999847	4.644999981	4.631000042	4.643000126	4.65199995	4.656000137
Cabo Verde																																13.1789999	13.13000011	13.13300037	13.05099964	13.00199986	12.93400002	12.91699982	12.89500046	12.87899971	12.79199982	12.68599987	12.57800007	12.51599979	12.35900021	12.25699997	12.16300011	12.02400017	11.86299992	11.65299988	11.55599976	11.47200012	11.38300037	11.29500008	11.21100044	11.13099957	11.2159996	11.22799969	11.23099995
Costa Rica																																7.105999947	5.31400013	4.985000134	5.571000099	6.521999836	8.243000031	7.347000122	7.572999954	7.923999786	6.642000198	7.390999794	7.756000042	8.024000168	8.291000366	9.31499958	8.359000206	6.751999855	5.876999855	9.586999893	11.06299973	12.87899971	11.97200012	10.83100033	11.58899975	11.79699993	11.44400024	10.27900028	10.17199993
Caribbean small states																																20.22872449	20.16594268	20.75574581	20.75119952	19.34933693	19.41893301	19.353446	19.55347783	18.21934899	17.52785829	16.48155097	16.51863842	15.94427305	14.31295398	13.69602981	11.80845839	11.27605178	11.64954898	12.83980669	13.73382729	13.7190747	13.68734258	14.75731854	14.45127686	14.02809997	13.86562456	13.60376541	13.5636573
Cuba																																14.72700024	14.52400017	14.33100033	13.77400017	13.50599957	12.71399975	11.48799992	9.593999863	9.87899971	8.434000015	5.818999767	4.673999786	3.440999985	2.211999893	2.210999966	2.21600008	1.871000051	1.962000012	1.991000056	2.710000038	3.513000011	3.614000082	3.548000097	3.135999918	2.582999945	2.664000034	2.756999969	2.819999933
Curacao																																																											
Cayman Islands																																																											
Cyprus																																2.655999899	2.230000019	3.502000093	3.799000025	4.472000122	5.96600008	6.507999897	6.945000172	7.822999954	7.480000019	5.776000023	4.229000092	4.610000134	5.447999954	6.543000221	5.459000111	4.604000092	4.254000187	5.460000038	6.423999786	7.624000072	11.00699997	15.12899971	15.01799965	14.78600025	13.31499958	11.24400043	10.8210001
Czech Republic																																2.065000057	3.753000021	5.44299984	5.195000172	4.804999828	4.656000137	5.124000072	7.553999901	10.12699986	10.53499985	9.612000465	8.559000015	9.640999794	9.651000023	9.795999527	8.848999977	6.737999916	5.605000019	7.72300005	8.460000038	7.890999794	8.211999893	8.286999702	7.394000053	6.078000069	4.666999817	3.578999996	2.579999924
Germany																																6.546000004	8.237000465	9.331999779	10.32499981	9.63599968	9.590000153	10.58699989	10.44200039	9.244000435	8.274999619	7.776000023	8.206999779	9.281000137	10.08199978	10.89299965	10.17300034	8.796999931	7.645999908	7.309000015	6.497000217	5.577000141	5.179999828	4.918000221	4.630000114	4.217999935	3.74000001	3.315999985	3.309000015
Djibouti																																8.100999832	8.116999626	8.017999649	7.981999874	7.934000015	7.877999783	7.850999832	7.834000111	7.818999767	7.717000008	7.673999786	7.612999916	7.522999763	7.434999943	7.368999958	7.328000069	7.278999805	7.237999916	7.135000229	7.09100008	7.040999889	6.921999931	6.828000069	6.744999886	6.665999889	6.664000034	6.666999817	6.662000179
Dominica																																																											
Denmark																																10.0170002	9.864999771	11.08100033	9.012000084	8.656999588	8.402999878	6.447999954	6.414000034	5.899000168	4.978000164	4.78000021	4.313000202	5.755000114	5.434999943	5.27699995	4.538000107	4.197999954	3.726999998	5.311999798	6.455999851	7.465000153	7.551000118	7.272999763	6.822000027	6.445000172	6.638000011	5.934000015	5.538000107
Dominican Republic																																11.39299965	10.13199997	10.34200001	10.89400005	10.40600014	10.30000019	9.883000374	10.08600044	10.13199997	10.24699974	10.47000027	10.16100025	10.70600033	10.29800034	9.467000008	8.668000221	7.429999828	7.275000095	7.764999866	6.955999851	8.199999809	9.223999977	10.45100021	9.473999977	8.979999542	7.986999989	7.962999821	7.971000195
Algeria																																22.73699951	25.27599907	27.79400063	29.98600006	35.11500168	32.1629982	28.95499992	30.81800079	33.08399963	35.24300003	32.71300125	29.58499908	25.44400024	18.20599937	24.9470005	19.81200027	21.99500084	17.84199905	18.08600044	19.09000015	15.08500004	17.00699997	16.27099991	17.06999969	16.7140007	18.59900093	18.1779995	17.85300064
East Asia & Pacific (excluding high income)																																4.174166191	3.740457844	3.70966176	3.735296247	3.895978374	3.907316982	3.957612244	4.188037623	4.190348788	4.020730788	4.067882895	3.95844317	3.876876203	3.943730116	3.960287386	3.843017135	3.728616065	3.94390646	3.80254798	3.665856071	3.634066426	3.610247183	3.619765345	3.598573169	3.649198469	3.677450446	3.762688438	3.842955499
Early-demographic dividend																																5.529704734	5.432142587	5.611592929	5.751883798	6.307814782	6.482881308	6.633988257	6.809447545	7.079896046	7.009744693	7.272247101	7.573741514	7.584751698	7.52262874	7.68455052	7.301178235	7.11160618	6.867829911	6.963596908	6.56405665	6.362431233	6.287295602	6.29686589	6.156525829	6.426084872	6.446831365	6.465238605	6.45364368
East Asia & Pacific																																4.036249694	3.661019263	3.661163796	3.691147683	3.837987426	3.858384827	3.918312366	4.223873812	4.240982504	4.05045804	4.113318148	4.033631535	3.961041561	3.984177263	3.981956832	3.841163426	3.719851786	3.917570176	3.87647848	3.739428654	3.674908407	3.645548794	3.634197767	3.614761879	3.6394778	3.653274865	3.716855442	3.768355436
Europe & Central Asia (excluding high income)																																6.487531509	6.401058079	6.800769957	8.038266046	8.972117222	9.441880172	10.44073169	11.29477778	11.62127339	10.12724095	9.218357163	8.892588034	8.664772839	8.660568721	8.306647935	7.80128358	7.014433389	7.017423811	8.428431359	7.950552416	7.48773201	6.948373479	7.027999161	7.091637689	7.383492913	7.321639171	7.208134757	7.037610921
Europe & Central Asia																																8.448611442	8.702877906	9.501173199	10.43717311	10.69946072	10.86235231	11.21711867	11.39896027	11.27547182	10.35968498	9.389797496	9.284120409	9.222815089	9.322809206	9.058379499	8.405058601	7.449449978	7.264247094	8.638498672	8.788545366	8.68915833	8.902496812	9.147605111	8.883388473	8.55039953	8.11924283	7.593104948	7.119074458
Ecuador																																8.670999527	13.60900021	11.7489996	9.352999687	8.937000275	14.22000027	12.75800037	16.18600082	19.86199951	13.15999985	16.63800049	14.00599957	15.07800007	11.49400043	10.85700035	11.10200024	7.677000046	9.711999893	8.430000305	4.971000195	4.288000107	3.815999985	3.664000034	4.144000053	4.526000023	5.852000237	4.940999985	5.178999901
"Egypt, Arab Rep."																																21.64100075	20.27099991	24.48399925	24.51399994	25.29400063	20.41300011	19.22299957	19.84799957	19.15600014	21.87100029	22.61800003	24.58399963	26.6609993	24.46899986	26.07600021	24.70400047	19.19199944	19.69599915	23.55999947	25.70400047	23.03300095	24.8920002	25.1970005	25.52400017	26.07799911	25.07099915	24.65699959	24.34399986
Euro area																																11.29556812	11.88699563	13.09810728	14.18808038	13.98622262	14.02155523	13.95863025	13.55286441	12.66333853	11.46940902	9.935420345	10.00859809	10.14946346	10.39777701	10.03069525	9.338611977	8.377385284	8.18147732	9.610035982	10.17568888	10.34206205	11.43342054	12.03015137	11.75911566	11.00160171	10.34695608	9.421168189	8.590245951
Eritrea																																7.237999916	7.229000092	7.423999786	7.474999905	7.573999882	7.489999771	7.609000206	7.627999783	7.586999893	7.589000225	7.525000095	7.684999943	7.59499979	7.492000103	7.493000031	7.433000088	7.421000004	7.308000088	7.359000206	7.295000076	7.30700016	7.229000092	7.131000042	7.104000092	7.06799984	6.949999809	6.850999832	6.764999866
Spain																																23.25900078	25.25099945	28.75799942	31.61400032	30.55400085	29.54899979	28.0170002	26.63999939	22.86100006	20.375	15.06200027	16.06900024	15.69799995	15.04599953	12	11.34700012	10.70199966	12.8409996	18.13599968	20.22200012	21.81500053	25.0359993	26.67099953	25.43000031	23.56100082	21.38199997	19.02799988	16.04000092
Estonia																																1.527999997	3.459000111	6.633999825	7.926000118	8.861000061	9.234000206	9.538000107	8.503000259	10.13099957	11.60599995	13.2329998	8.68200016	10.38099957	8.826000214	6.902999878	5.585000038	3.756999969	5.131999969	10.29599953	14.09300041	11.57900047	9.097000122	8.154999733	6.808000088	6.133999825	6.065000057	5.302000046	5.138000011
Ethiopia																																4.809000015	4.811999798	4.90899992	4.847000122	6.550000191	8.329000473	9.916000366	11.5710001	13.36699963	12.5909996	11.70400047	10.77400017	9.913000107	9.234000206	8.335000038	8.208000183	8.095999718	7.974999905	7.850999832	7.749000072	7.653999805	7.524000168	7.225999832	7.217000008	7.203000069	7.373000145	7.544000149	7.703000069
European Union																																10.51156554	11.03782037	12.06193295	12.69305234	12.2799519	12.06443986	11.77940505	11.37569361	10.95821366	10.62701608	9.681344782	9.823055023	9.744884969	9.881325343	9.669131055	8.912504483	7.812167044	7.450609684	8.812069921	9.473655193	9.68884913	10.46882928	10.85027422	10.30502834	9.469195385	8.716620925	7.842198712	7.125431962
Fragile and conflict affected situations																																7.856120678	7.61338411	7.593260201	7.762183769	7.801850623	7.91056152	7.959350333	7.944988313	7.979719492	8.247899029	8.556779342	8.707555585	8.730852491	8.902533095	9.043793114	9.039522658	9.104587507	9.061501605	8.930177057	9.112044811	9.006321107	8.94605614	8.983405291	9.01053447	9.099596698	9.077681211	9.095302709	9.06330754
Finland																																5.026000023	9.642000198	14.41699982	14.8739996	16.14900017	15.5539999	15.18099976	13.57800007	12.44299984	11.98999977	10.76099968	10.16499996	9.937000275	10.57400036	8.607999802	8.083000183	7.18599987	6.69299984	7.570000172	7.637000084	7.097000122	7.051000118	7.515999794	7.946000099	8.842000008	8.581000328	8.390999794	8.001999855
Fiji																																8.26099968	7.427999973	8.157999992	7.889999866	7.46999979	7.815999985	8.342000008	9.055999756	9.864999771	10.34000015	10.9829998	11.55799961	11.44299984	6.552999973	6.448999882	9.263999939	11.98099995	12.46000004	12.11400032	12.33699989	12.44099998	12.36699963	10.37699986	8.51099968	8.385000229	8.56099987	8.652999878	8.550999641
France																																11.67000008	12.90299988	13.45300007	14.52400017	14.10599995	14.53600025	14.46700001	14.15100002	13.93999958	12.23900032	10.54500008	9.817000389	9.147999763	9.890000343	9.279999733	9.125	8.100999832	7.446000099	8.803999901	9.072999954	9.125	9.357000351	9.786999702	10.02900028	9.871999741	9.847999573	9.342000008	8.753000259
Faroe Islands																																																											
"Micronesia, Fed. Sts."																																																											
Gabon																																15.94999981	15.77000046	16.0170002	16.67900085	17.37400055	17.96299934	18.66799927	19.18600082	19.50900078	20.16300011	20.92099953	21.40299988	22.04000092	22.56800079	23.00699997	24.05599976	25.65399933	26.46699905	27.35899925	29.10899925	29.07900047	28.9489994	28.90099907	28.79500008	28.70899963	28.60899925	28.18000031	27.81900024
United Kingdom																																7.400000095	7.43200016	7.756000042	7.402999878	6.921000004	6.335000038	5.809999943	5.356999874	5.145999908	4.859000206	4.113999844	4.359000206	4.061999798	4.184000015	4.287000179	4.947000027	4.953999996	5.09100008	6.421999931	6.879000187	7.337999821	7.387000084	7.039999962	5.820000172	5.123000145	4.676000118	4.210999966	3.881999969
Georgia																																8.607000351	8.06499958	8.364999771	9.022000313	12.68200016	13.95199966	13.95600033	13.74800014	12.13500023	10.49800014	10.64099979	10.99199963	11.54199982	11.76399994	12.67199993	11.67099953	12.56200027	16.1079998	15.38700008	14.45400047	13.125	13.78800011	12.29899979	10.42599964	10.22599983	8.843000412	9.039999962	9.272999763
Ghana																																5.18900013	5.160999775	5.828000069	6.487999916	7.147999763	7.809000015	8.463000298	8.973999977	11.04500008	10.64999962	9.529000282	8.406000137	7.284999847	6.157999992	5.027999878	3.910000086	4.368000031	4.861000061	5.290999889	5.705999851	4.798999786	3.900000095	2.358999968	2.342000008	2.332000017	2.444999933	2.549999952	2.63499999
Gibraltar																																																											
Guinea																																3.440000057	3.450000048	3.461999893	3.460000038	3.463999987	3.467999935	3.476000071	3.470999956	3.473999977	3.467999935	3.476999998	3.486000061	3.493999958	3.493000031	3.492000103	3.493000031	3.483999968	3.487999916	3.493000031	3.483999968	3.479000092	3.476000071	3.476999998	3.473999977	3.470999956	3.467000008	3.448999882	3.433000088
"Gambia, The"																																12.81700039	12.89500046	12.90600014	12.80799961	12.87199974	12.88500023	12.88899994	13	13.01500034	13.0010004	12.98200035	12.84700012	12.94499969	12.91699982	12.77299976	12.76799965	12.77900028	12.7869997	12.78199959	12.76599979	12.63300037	12.72299957	12.70899963	12.68299961	12.67800045	12.67700005	12.69999981	12.70600033
Guinea-Bissau																																6.946000099	6.929999828	6.943999767	6.967000008	6.986000061	7.020999908	7.072999954	6.995999813	7.164000034	7.071000099	7.085000038	7.039999962	7.046999931	7.054999828	7.050000191	7.008999825	6.991000175	6.959000111	6.927999973	6.906000137	6.913000107	6.789999962	6.806000233	6.751999855	6.756999969	6.717000008	6.681000233	6.649000168
Equatorial Guinea																																6.342000008	6.597000122	6.394000053	6.422999859	6.480999947	6.651000023	6.693999767	6.447999954	6.461999893	6.679999828	6.650000095	6.419000149	6.380000114	6.494999886	6.300000191	6.264999866	6.309000015	6.293000221	6.139999866	6.034999847	6.130000114	6.124000072	6.020999908	6.027999878	5.952000141	6.623000145	7.256000042	7.809000015
Greece																																13.00699997	13.04399967	13.79100037	13.8210001	13.94099998	15.67500019	15.05599976	16.81299973	18.32699966	17.17300034	16.02700043	15.43500042	14.54699993	16.05999947	15.50399971	13.8210001	12.96399975	11.54699993	13.32299995	16.37599945	21.55599976	28.26499939	31.40999985	30.22400093	28.91600037	28.16799927	26.11599922	25.72200012
Grenada																																																											
Greenland																																																											
Guatemala																																4.618999958	4.264999866	4.111000061	3.86500001	3.578999996	3.407999992	3.095999956	2.818000078	2.684999943	2	1.824000001	4.376999855	4.736999989	4.34499979	3.427999973	2.532000065	3.493000031	3.934000015	4.373000145	4.337999821	6.578000069	3.631000042	4.197000027	3.671999931	3.96600008	3.943000078	3.818000078	3.730000019
Guam																																3.838999987	4.183000088	6.017000198	8.258000374	8.57199955	8.973999977	10.46899986	8.37100029	15.07400036	16.54299927	14.0340004	9.56000042	8.651000023	7.760000229	7.778999805	7.579999924	9.973999977	9.937000275	9.899000168	9.399999619	16.02599907	11.50399971	12.41600037	8.206000328	7.451000214	5.831999779	5.982999802	6.459000111
Guyana																																15.82600021	15.14099979	14.79500008	14.55599976	15.3210001	14.46199989	14.80900002	16.81599998	15.35299969	16.3409996	15.14500046	15.23499966	15.57900047	14.97399998	15.94900036	14.24199963	13.83500004	15.10400009	14.72299957	14.43099976	14.28600025	14.61699963	14.69999981	15.1960001	15.43700027	15.34500027	15.63500023	15.48400021
High income																																7.49699247	7.964914374	8.524462101	8.64675957	8.560812816	8.41650751	8.172857907	7.982073432	7.764995214	7.450888733	7.273232084	7.706108714	7.746545768	7.60425628	7.299555804	6.718189358	6.102285965	6.195489518	7.766547077	8.138425589	8.060892679	8.221276648	8.064028209	7.55014866	6.914931989	6.523819391	6.001786036	5.557678226
"Hong Kong SAR, China"																																1.588999987	1.891000032	1.940999985	1.700999975	2.936000109	2.38499999	2.073999882	4.024000168	5.078999996	4.013999939	3.85800004	5.895999908	6.184999943	5.546000004	4.409999847	3.72300005	3.374000072	2.979000092	4.327000141	3.510999918	2.792999983	2.740999937	2.957000017	2.976000071	3.157000065	3.020999908	2.773000002	2.579999924
Honduras																																5.392000198	2.934999943	2.992000103	3.049000025	3.390000105	4.415999889	3.319999933	4.349999905	3.792999983	3.864000082	4.078999996	4.80700016	6.587999821	8.416000366	6.535999775	4.412000179	4.313000202	3.874000072	4.302999973	5.447999954	6.363999844	5.164999962	5.132999897	6.980999947	6.40199995	5.526000023	5.294000149	5.143000126
Heavily indebted poor countries (HIPC)																																7.229904849	7.14076187	7.262820867	7.248634069	7.532400839	7.81607203	7.938338623	8.222734521	8.612762433	8.444837325	8.305679559	8.003763467	7.790928978	7.651004799	7.408605898	7.282446668	7.231974251	7.151809418	7.126569655	7.271063096	7.032082232	6.756590927	6.512293	6.46421234	6.514101513	6.531846718	6.561404229	6.583893562
Croatia																																11.16899967	10.89299965	10.56599998	11.62100029	11.28899956	10.47599983	10.40699959	12.4119997	14.76599979	17.33600044	17.89999962	17.31599998	15.64000034	15.27700043	13.84399986	12.6789999	11.3409996	10.34399986	10.70300007	12.30599976	13.72399998	15.97900009	16.75799942	18.26399994	16.90200043	13.7869997	11.90100002	9.657999992
Haiti																																9.001999855	9.255999565	9.265000343	9.31499958	8.116999626	8.331000328	8.404000282	8.402000427	8.307999611	9.880000114	11.625	13.06799984	14.51799965	16.63699913	17.27499962	18.54700089	19.27799988	18.95400047	17.70599937	18.14800072	15.64599991	16.06900024	15.80799961	15.88899994	15.97500038	15.89000034	15.85099983	15.75500011
Hungary																																8.460000038	8.713999748	10.38199997	9.366999626	8.68999958	9.024000168	7.854000092	8.093999863	6.21999979	5.784999847	4.873000145	5.076000214	5.385000229	5.856999874	7.428999901	7.909999847	7.737999916	8.005999565	9.736000061	10.65799999	10.98099995	10.60700035	10.1420002	7.914000034	7.038000107	5.105000019	4.572000027	4.019000053
IBRD only																																5.489485046	5.22199397	5.290587562	5.550395366	5.848080628	5.962617732	6.105775945	6.440105201	6.614898068	6.413889308	6.385279255	6.388345848	6.348677157	6.305424596	6.28068207	5.967341057	5.63958719	5.677147991	5.870467432	5.676312841	5.512544797	5.442873661	5.435983949	5.362585967	5.543988655	5.762093402	5.900607038	5.860223296
IDA & IBRD total																																5.67815018	5.425563926	5.459828197	5.678592432	5.981677706	6.124871043	6.285756916	6.584125863	6.743649983	6.582842178	6.56808131	6.555929902	6.517426076	6.471489405	6.443532948	6.139658345	5.85116105	5.885572873	6.073921378	5.803134533	5.66516863	5.593401599	5.601102715	5.526461101	5.723457379	5.958542577	6.071200723	6.0483892
IDA total																																6.663379707	6.480878673	6.325856351	6.327579235	6.650940655	6.925902515	7.15993521	7.27324348	7.35212251	7.368800358	7.408204006	7.318495014	7.27539932	7.208871499	7.156402553	6.874457772	6.731251476	6.728516917	6.872957436	6.287164545	6.233509334	6.140659635	6.189196212	6.097241737	6.333438082	6.613447866	6.626472813	6.645465654
IDA blend																																8.239574908	7.893134994	7.127876574	6.999098796	7.618640625	8.118401952	8.47675735	8.192494732	8.081393095	8.339054155	8.51662375	8.421281453	8.39756908	7.862731216	7.809773244	7.171724663	6.918793093	6.90383917	7.230726266	5.503630856	5.424157708	5.576672385	5.832282132	5.734278192	6.499733933	7.497529183	7.546968608	7.58765353
Indonesia																																2.954999924	2.897000074	3.476000071	4.027999878	4.590000153	5.130000114	5.28399992	6.135000229	6.84800005	6.72300005	7.047999859	7.427000046	7.43599987	8.227999687	9.657999992	9.232000351	9.902999878	8.105999947	6.709000111	6.388999939	5.565999985	4.788000107	4.270999908	3.881000042	4.421999931	3.694000006	3.914999962	4.111999989
IDA only																																6.089722529	5.966815871	6.033180094	6.081738442	6.305165838	6.496293361	6.68132398	6.9396519	7.088378741	7.017026744	7.00859365	6.921317352	6.868409391	6.969587568	6.915000442	6.762819909	6.660722209	6.662370896	6.736433199	6.583170927	6.540426711	6.355085082	6.325273358	6.235690948	6.26964955	6.273540181	6.272947136	6.284192051
Isle of Man																																																											
India																																3.953999996	3.937999964	3.921000004	3.911999941	3.974999905	4.035999775	4.09100008	4.150000095	4.206999779	4.21600008	4.361999989	4.506999969	4.663000107	4.809999943	5.004000187	4.886000156	4.763000011	4.611000061	4.493000031	4.379000187	4.311999798	4.22300005	4.177000046	4.106999874	4.186999798	4.159999847	4.157999992	4.164000034
Not classified																																																											
Ireland																																16.59000015	15.3039999	15.83100033	14.68099976	12.04500008	11.77999973	10.16300011	7.34800005	5.620999813	4.276000023	3.539999962	3.746999979	4.004000187	3.828999996	3.999000072	4.202000141	4.263999939	4.919000149	8.170999527	9.81000042	10.75399971	10.97399998	10.7159996	9.376000404	7.671000004	6.520999908	5.326000214	4.999000072
"Iran, Islamic Rep."																																24.4279995	22.43199921	20.11599922	17.9470005	15.64999962	13.39700031	15.52299976	17.34900093	19.29700089	20.85899925	23.00200081	21.83300018	18.13899994	16.19000053	18.24300003	16.17099953	15.94499969	16.82699966	16.97200012	20.65200043	20.78100014	20.01099968	19.69000053	19.69000053	19.41900063	20.68799973	20.41900063	20.00399971
Iraq																																7.616000175	6.721000195	6.520999908	7.132999897	7.275000095	6.369999886	6.519000053	6.355999947	6.480999947	6.947000027	6.984000206	7.006000042	6.285999775	6.329999924	7.06400013	7.197999954	7.485000134	8.55300045	9.609999657	10.46500015	11.34300041	12.02400017	12.14999962	12.32299995	12.14000034	11.88099957	11.85400009	11.75899982
Iceland																																2.894000053	4.895999908	5.603000164	5.543000221	4.912000179	3.450000048	3.816999912	3.805999994	2.789000034	2.631000042	2.230999947	2.650000095	3.97300005	2.753999949	2.492000103	3.052999973	2.266000032	2.589999914	5.68900013	6.729000092	6.204999924	5.65899992	5.080999851	4.789000034	4.053999901	3.049000025	2.733999968	2.819000006
Israel																																16.43300056	17.10899925	14.86999989	12.34799957	10.73700047	9.692000389	10.89599991	11.2130003	11.53600025	11.16600037	12.00800037	12.74199963	13.81400013	13.76799965	11.62699986	11.04599953	9.81400013	7.856999874	9.177000046	7.949999809	6.952000141	6.982999802	6.242000103	5.915999889	5.388000011	4.94299984	4.326000214	3.903000116
Italy																																15.78100014	13.89500046	14.85099983	15.32299995	16.12299919	16.23200035	16.4090004	16.54999924	16.27899933	14.86200047	13.03800011	12.61100006	11.95400047	10.24699974	10.0539999	8.786999702	7.852000237	8.5	9.234000206	9.602000237	9.550999641	11.83399963	13.07499981	13.8039999	12.69900036	12.78199959	12.39900017	11.66600037
Jamaica																																20.11000061	19.66500092	20.89699936	21.78000069	20.88100052	20.72299957	21.3029995	22.05999947	20.70000076	20.43600082	19.66200066	18.87299919	16.88299942	15.31099987	14.26099968	12.47299957	12.06499958	13.56000042	14.75800037	16.05800056	16.49200058	16.16500092	19.20599937	18.2329998	18.00099945	17.02400017	16.0909996	15.95800018
Jordan																																35.11600113	36.32799911	34.86600113	32.06499863	25.63500023	24.00499916	23.84799957	23.47200012	23.22900009	23.63299942	26.29899979	26.84600067	26.33099937	26.17200089	25.79500008	24.7140007	23.13899994	23.2140007	22.91900063	21.87700081	21.67099953	20.90200043	22.23999977	20.82500076	22.65200043	25.69799995	25.00900078	25.11700058
Japan																																2.213999987	2.243000031	2.653000116	2.973999977	3.221999884	3.344000101	3.444000006	4.014999866	4.465000153	4.485000134	4.749000072	5.119999886	4.93599987	4.414999962	4.218999863	3.877000093	3.726000071	3.832999945	4.800000191	4.586999893	4.146999836	4.047999859	3.671999931	3.355999947	3.022000074	2.839999914	2.660000086	2.299999952
Kazakhstan																																1.296000004	1.342000008	1.309000015	8.890000343	12.94099998	15.26000023	15.13000011	15.22999954	15.63399982	14.79699993	12.04500008	11.20300007	10.40200043	9.838000298	9.550000191	9.145999908	8.519000053	7.965000153	7.546000004	6.639999866	6.214000225	6.491000175	5.864999771	5.951000214	5.802000046	5.837999821	5.768000126	5.975999832
Kenya																																13.56299973	13.49300003	13.43200016	13.3920002	13.34399986	13.29699993	13.20699978	13.21399975	13.1619997	13.30000019	13.50199986	13.57800007	13.72099972	13.82999992	13.89900017	14.09899998	14.31900024	14.41100025	16.08300018	16.00499916	15.87100029	15.72500038	15.59300041	15.4659996	15.36699963	15.31900024	15.28600025	15.26200008
Kyrgyz Republic																																6.248000145	6.103000164	6.172999859	5.994999886	6.370999813	8.461000443	8.383999825	8.552000046	8.484999657	8.486000061	8.819999695	14.25399971	11.07600021	9.262000084	9.045000076	9.027999878	9.041999817	9.263999939	9.765000343	9.93900013	9.857000351	9.482999802	9.663999557	9.506999969	9.039999962	8.748999596	8.831000328	8.918000221
Cambodia																																0.825999975	0.799000025	0.785000026	0.808000028	0.800000012	0.796000004	2.845999956	5.802999973	3.641000032	2.355999947	1.702000022	1.861999989	1.911999941	2.140000105	1.819000006	1.493000031	0.792999983	0.402999997	0.173999995	0.270000011	0.184	0.147	0.275999993	0.165000007	0.165000007	0.182999998	0.201000005	0.218999997
Kiribati																																																											
St. Kitts and Nevis																																																											
"Korea, Rep."																																1.985999942	2.134000063	2.255000114	1.927999973	1.680999994	1.588000059	2.299999952	5.653999805	5.085999966	3.641000032	3.301000118	2.746999979	3.286000013	3.355999947	3.381999969	2.933000088	2.631000042	2.607000113	3.013999939	3.342000008	3.121000051	2.971999884	2.855999947	3.489000082	3.559999943	3.605999947	3.572999954	3.571000099
Kuwait																																1.031999946	0.850000024	0.841000021	0.736000001	1.460999966	0.736000001	1.241000056	1.238000035	1.235000014	1.407999992	1.411000013	2.039999962	2.407999992	3.13499999	1.809000015	2.780999899	2.967999935	3.586999893	3.299000025	2.839999914	6.293000221	6.135000229	5.988999844	5.15899992	4.584000111	4.614999771	4.340000153	4.145999908
Latin America & Caribbean (excluding high income)																																7.833092131	7.945995234	7.334476709	7.832434617	8.302365719	9.209736743	9.296218309	10.18663304	10.9207157	10.89789313	10.31359707	10.51368675	10.74484673	10.30238883	9.935449074	9.282755792	8.734459422	8.473224274	9.24442015	8.463947178	8.052826651	7.789767807	7.638865635	7.238212044	7.912187595	9.226402712	9.929536008	9.35857819
Lao PDR																																2.482000113	2.503999949	2.484999895	2.499000072	2.474999905	2.318000078	2.164999962	1.996000051	1.850999951	1.726999998	1.572999954	1.447000027	1.307000041	1.177999973	1.261999965	1.129999995	0.986000001	0.846000016	0.70599997	0.653999984	0.643999994	0.632000029	0.621999979	0.606999993	0.592999995	0.602999985	0.612999976	0.621999979
Lebanon																																11.98900032	12.23999977	12.07400036	11.94499969	11.87899971	11.85000038	11.60499954	11.34599972	11.05300045	10.60299969	10.29100037	10.07699966	9.897000313	9.567000389	9.722000122	9.873999596	10.18500042	10.36800003	10.53499985	10.52099991	10.6960001	10.62800026	10.62100029	10.60999966	10.58899975	10.47299957	10.38599968	10.31299973
Liberia																																4.106999874	4.085000038	4.086999893	4.092999935	4.131999969	4.186999798	4.296999931	4.250999928	4.22300005	4.260000229	4.179999828	4.18599987	4.097000122	4.184999943	4.19299984	4.204999924	4.223999977	3.739000082	3.250999928	2.303999901	2.296999931	2.289999962	2.282999992	2.292000055	2.289000034	2.323999882	2.358999968	2.378000021
Libya																																30.72299957	28.28899956	28.02700043	28.82799911	26.32299995	28.60099983	27.86599922	27.66699982	27.54299927	27.7840004	26.70100021	26.58200073	28.51300049	26.85199928	27.70400047	26.56599998	26.26799965	25.44199944	24.32900047	24.95700073	19.9109993	27.66200066	27.37299919	27.11599922	26.89999962	26.66200066	27.15500069	25.04400063
St. Lucia																																20.97800064	19.625	20.32799911	19.9260006	19.06399918	19.0359993	23.81399918	25.06500053	20.94400024	19.05599976	12.70899963	22.13500023	28.47900009	25.38199997	21.51099968	18.3920002	16.04999924	14.55500031	17.53000069	23.45199966	21.38299942	21.55699921	25.07500076	25.53899956	27.13500023	23.06500053	22.81900024	22.31699944
Latin America & Caribbean																																7.810894265	7.99166645	7.959009533	8.542485693	9.591899169	10.20138054	10.10789854	10.55865449	11.32609758	11.38748039	10.96082636	11.25843546	11.36583257	10.79481843	10.2624846	9.564314417	8.91703937	8.598133777	9.339302653	8.591488411	8.120634768	7.882643944	7.697270727	7.333107155	7.911021763	9.169850129	9.796132864	9.270045766
Least developed countries: UN classification																																6.503762449	6.444398603	6.536360446	6.541331125	6.76684221	6.902929051	7.093048213	7.338832657	7.429806481	7.326581526	7.334000225	7.219500532	7.284534321	7.452554608	7.396797266	7.225804175	7.014380131	6.908847432	6.888850504	6.624751698	6.44155346	6.318677924	6.368620767	6.274482947	6.330006658	6.36411338	6.386960545	6.417805053
Low income																																6.12742412	6.004944749	6.01733135	6.046732867	6.404588956	6.583955924	6.812580064	7.019380189	7.249934034	7.308374964	7.361654171	7.14150984	7.064265208	7.058108833	6.968349261	6.978995303	6.962372753	6.903438071	6.772760453	6.94776632	6.907947585	6.691826944	6.522324273	6.370433015	6.408676399	6.426406835	6.444966193	6.471065873
Liechtenstein																																																											
Sri Lanka																																23.03899956	22.64999962	22.84700012	21.13800049	20.21100044	18.74200058	16.95400047	14.02200031	13.54100037	11.63799953	11.9289999	13.28499985	12.55200005	12.68799973	11.8039999	9.859000206	9.069000244	8.159000397	8.67800045	7.730000019	6.899000168	6.197999954	6.914999962	7.302000046	7.647999763	7.039999962	6.578000069	6.647999763
Lower middle income																																5.532274046	5.388567122	5.400743677	5.455666129	5.680533915	5.778255417	5.921729896	6.136662786	6.133785778	6.139203319	6.259246848	6.305040747	6.377225535	6.489154082	6.698372027	6.37264661	6.232353712	5.957489923	6.030520598	5.51543769	5.235703666	5.126711988	5.16044348	5.100490404	5.373731769	5.412151052	5.437489323	5.44992825
Low & middle income																																5.587640702	5.319362233	5.299271647	5.496662455	5.761884474	5.915999149	6.100876916	6.436173183	6.568067987	6.344766386	6.30061349	6.274997736	6.25434201	6.226528169	6.228778899	5.971932893	5.734530327	5.798713803	5.978973116	5.701006434	5.571056675	5.493284475	5.506298088	5.442852607	5.659655185	5.904580245	6.031402751	6.016626366
Lesotho																																43.38899994	40.94300079	44.82899857	43.66899872	46.81200027	42.78900146	45.20100021	48.47800064	33.20299911	28.97599983	33.4090004	38.11600113	34.72600174	40.33000183	39.71500015	38.0719986	38.01300049	38.25899887	36.77099991	29.7670002	30.93499947	26.54400063	27.24099922	27.40099907	29.52799988	30.27099991	30.08300018	31.10499954
Late-demographic dividend																																5.327251268	4.964951791	4.93288838	5.221208174	5.420315097	5.509412874	5.678645171	6.048814759	6.155710995	5.914592581	5.71241838	5.559046534	5.501813564	5.440908897	5.315242948	5.040957332	4.662962905	4.929212139	5.214754426	4.964345642	4.892925154	4.856072072	4.859021671	4.753224948	4.9254071	5.248259756	5.433524248	5.384970375
Lithuania																																15.78800011	15.19200039	15.31799984	15.50800037	15.69999981	14.68799973	13.93500042	11.86100006	12.06400013	13.60599995	14.0909996	12.78499985	13.19699955	11.06200027	8.529000282	5.609000206	4.330999851	5.632999897	10.53100014	14.5170002	12.90999985	11.56799984	10.4829998	9.225000381	8.159000397	6.650000095	5.677999973	5.597000122
Luxembourg																																2.115999937	2.785000086	3.131000042	4.289999962	4.387000084	4.671999931	3.648999929	4.159999847	3.335999966	3.147000074	2.165999889	3.637000084	4.715000153	7.089000225	5.829999924	6.269000053	4.729000092	6.026000023	6.123000145	5.096000195	6.256000042	5.90899992	6.388000011	5.765999794	7.350999832	6.631000042	5.508999825	5.456999779
Latvia																																18.1590004	17.4640007	18.23500061	20.69599915	19.71199989	20.74699974	14.7869997	13.4989996	13.36100006	13.36999989	12.45899963	12.75300026	12.01900005	12.27700043	9.968000412	6.736999989	5.565000057	7.078999996	14.12300014	16.27799988	13.78299999	13.94400024	11.13899994	9.836999893	8.63599968	8.394000053	7.673999786	7.559999943
"Macao SAR, China"																																2.482000113	2.565999985	1.722000003	2.069000006	2.917999983	3.548000097	2.604000092	3.417999983	4.551000118	4.763000011	4.56099987	4.629000187	4.81099987	4.074999809	3.819000006	3.77699995	2.648000002	2.823999882	2.851999998	2.088999987	2.173000097	1.652999997	1.394999981	1.45599997	1.595999956	1.501000047	1.470000029	1.480999947
St. Martin (French part)																																																											
Morocco																																18.25099945	16.84799957	16.71699905	20.47299957	24.01099968	19.0170002	17.70499992	23.51399994	13.34300041	13.35900021	12.64799976	12.63799953	13.01599979	11.36100006	11.58500004	9.612000465	9.630999565	9.788000107	9.569000244	9.755999565	10.25500011	9.956999779	9.543999672	10.18000031	10.35999966	9.928999901	10.0539999	9.998000145
Monaco																																																											
Moldova																																7.079999924	7.032999992	7.144999981	5.756999969	7.15199995	8.934000015	8.840999603	8.996999741	8.977999687	6.640999794	5.677999973	5.553999901	6.407999992	6.350999832	5.989999771	5.840000153	3.959000111	3.414999962	4.926000118	5.767000198	5.619999886	4.315999985	4.171999931	3.104000092	2.91899991	2.88499999	3.00999999	2.977999926
Madagascar																																6.044000149	6.080999851	6.086999893	6.06400013	6.074999809	6.077000141	6.087999821	6.085000038	6.085000038	6.074999809	5.604000092	5.171999931	4.736999989	3.601000071	2.411000013	2.736000061	3.065999985	3.398000002	3.671999931	4.013000011	2.345000029	0.625	0.930999994	1.235999942	1.876999974	1.876000047	1.876000047	1.876999974
Maldives																																1.388000011	1.361999989	1.340000033	1.315000057	1.296000004	1.577999949	1.863000035	2.154000044	2.450000048	2.717999935	3.006999969	3.296999931	3.573999882	3.874000072	4.177999973	4.389999866	4.647999763	4.868999958	5.113999844	5.271999836	5.447999954	5.611000061	5.743999958	6.102000237	5.961999893	5.952000141	5.953000069	5.954999924
Middle East & North Africa																																18.07735661	17.42316518	18.11235366	18.72844106	19.06240824	16.46770493	16.08296688	17.40171862	16.31385386	17.96718946	18.87437134	19.28156344	18.93763777	17.66398067	18.85756284	17.39234229	16.18691374	16.17987226	17.30829996	18.8959109	18.54304482	18.91670388	18.41482143	18.32786377	18.36447385	18.47592335	18.25161029	17.97827012
Mexico																																4.264999866	4.065000057	3.954999924	4.852000237	8.642000198	6.903999805	6.204999924	4.964000225	3.573999882	3.289999962	3.309000015	3.532000065	3.647000074	4.736000061	3.915999889	3.897000074	4.034999847	4.074999809	5.380000114	5.208000183	5.15199995	4.914000034	4.991000175	4.868000031	4.480000019	3.937000036	3.604000092	3.549999952
Marshall Islands																																																											
Middle income																																5.533730249	5.250574106	5.226605251	5.440669898	5.69555293	5.846565917	6.02621812	6.374358359	6.495112141	6.240181312	6.184094974	6.178818568	6.163329227	6.132073079	6.143885997	5.854154236	5.587760022	5.663353037	5.879406975	5.540020764	5.394636743	5.331713945	5.366959026	5.313201051	5.552892088	5.828930679	5.970043941	5.947512142
"Macedonia, FYR"																																38.17900085	38.16899872	38.13700104	38.6590004	38.95399857	39.88899994	39.69900131	37.63499832	33.26200104	34.89699936	32.0530014	32.30400085	36.28099823	37.81600189	38.42499924	37.20700073	35.5340004	34.1570015	32.81900024	32.24100113	30.79199982	30.33399963	29.02400017	28.61700058	25.06399918	22.72200012	21.81699944	21.74200058
Mali																																3.690999985	3.664999962	3.687999964	3.694000006	3.691999912	3.719000101	3.707999945	4.65899992	5.643000126	6.558000088	7.617000103	8.498000145	9.531000137	10.48700047	11.39000034	12.29699993	13.9119997	12.85999966	11.8039999	11.07400036	8.104000092	8.31099987	8.517000198	6.239999771	8.44699955	8.557999611	8.680000305	8.803999901
Malta																																6.697999954	6.920000076	7	7.227000237	6.522999763	7.138000011	6.965000153	7.173999786	6.997000217	6.528999805	8.069999695	8.307999611	9.909000397	8.258000374	8.362999916	8.319999695	7.894999981	6.782000065	7.627999783	7.131999969	7.132999897	7.321000099	6.251999855	5.322999954	5.198999882	5.208000183	4.177999973	4.100999832
Myanmar																																1.055999994	1.077999949	1.06099999	1.062999964	1.065000057	1.059999943	1.05400002	1.050999999	1.065000057	1.062999964	1.050999999	1.04400003	1.036000013	1.024000049	1.011999965	0.995999992	0.980000019	0.943000019	0.93599999	0.926999986	0.922999978	0.921999991	0.91900003	0.912	0.904999971	0.916999996	0.927999973	0.936999977
Middle East & North Africa (excluding high income)																																19.52912654	18.40563265	19.37743027	20.28830276	21.10760818	18.14657929	17.58632745	19.13171991	17.76220606	19.675578	20.65862331	20.95609844	20.38841554	18.83762456	20.38742588	18.69351828	17.38514224	17.45555098	18.6709078	20.71745837	20.27313656	20.68560426	20.21336584	20.1981603	20.32073671	20.49307788	20.32322617	20.04035531
Montenegro																																31.43700027	30.50600052	30.15500069	36.75	35.60699844	38.02700043	35.30599976	35.39099884	33.71900177	37.14300156	35.15800095	35.32899857	35.45399857	35.74300003	35.62599945	28.29700089	20.97900009	18.33399963	20.42700005	20.6439991	20.04299927	20.29199982	18.8220005	18.23900032	16.64900017	17.09000015	16.93400002	17.04700089
Mongolia																																9.217000008	9.305000305	8.30300045	8.678999901	5.289999962	6.433000088	7.375	5.638999939	4.482999802	4.382999897	4.375	5.511000156	6.434000015	3.392999887	3.102999926	3.002000093	6.737999916	5.190999985	6.175000191	5.922999859	4.441999912	3.520999908	4.487999916	4.471000195	4.323999882	6.004000187	5.864999771	5.688000202
Northern Mariana Islands																																																											
Mozambique																																27.01499939	24.52099991	24.67300034	24.50200081	24.2689991	24.60899925	24.47599983	24.38999939	24.17700005	23.92099953	24.0890007	23.89800072	23.75099945	23.80500031	23.85300064	23.90200043	23.87400055	23.89900017	23.93600082	24.00799942	24.0890007	24.17499924	24.94799995	27.13400078	27.13899994	26.96699905	26.85199928	26.71699905
Mauritania																																14.46800041	14.50399971	14.58399963	14.36200047	14.60900021	14.4630003	14.20499992	14.26200008	14.32199955	14.01599979	13.98099995	13.83600044	13.87100029	13.75300026	13.72799969	13.68799973	13.35299969	13.19999981	13.04100037	13.09899998	13.00199986	12.93700027	12.88300037	12.81000042	12.63799953	12.61499977	12.64400005	12.65499973
Mauritius																																14.3579998	14.22299957	14.01200008	13.81200027	13.625	12.86499977	12.13599968	11.47299957	10.75	10.2329998	9.470999718	10.8380003	11.48499966	13.40400028	16.45599937	15.50800037	14.44099998	12.66699982	12.80799961	12.86200047	12.48099995	12.76900005	12.30200005	11.33500004	11.60999966	11.23200035	10.64799976	10.54599953
Malawi																																10.15699959	9.875	10.1960001	9.873999596	10.24199963	10.21700001	10.13799953	10.00300026	10.07699966	10.01900005	9.968999863	10.07400036	10.18999958	10.20100021	10.16699982	9.809000015	9.529999733	9.083999634	8.696000099	8.26099968	7.813000202	7.350999832	6.998000145	6.992000103	6.94299984	6.921000004	7.000999928	7.065000057
Malaysia																																4.394000053	4.309999943	3.463999987	3.447999954	3.582999945	2.858999968	2.769000053	3.653000116	3.905999899	3.398000002	4.000999928	3.921000004	4.06799984	3.976000071	3.957999945	3.717000008	3.480999947	3.713000059	3.848999977	3.489000082	3.335000038	3.161000013	3.431999922	3.224999905	3.40899992	3.959000111	3.930000067	3.855000019
North America																																6.771869724	7.345890674	7.016922595	6.393452422	5.961200332	5.807003625	5.399182803	4.952351559	4.637170311	4.358194819	4.870845726	5.761828802	5.821572175	5.554189672	5.240725223	4.780469781	4.619291276	5.438576575	7.942818613	8.458198039	8.298951562	7.772449801	7.02302774	6.098340365	5.301405348	4.951134934	4.483848054	4.155772458
Namibia																																21.75799942	21.67000008	21.57699966	22.02599907	21.69499969	21.40699959	22.15699959	22.10499954	22.04999924	22.94199944	23.11899948	23.42000008	23.58099937	24.85700035	24.89599991	24.96899986	25.0720005	25.17499924	25.26499939	24.38800049	22.8939991	19.03899956	20.65600014	20.31999969	21.29800034	24.79100037	24.88299942	24.94400024
New Caledonia																																20.61400032	20.79700089	20.82600021	20.69599915	20.47699928	20.1970005	19.5529995	18.74300003	18.10499954	17.56900024	16.95400047	16.52400017	16.10899925	17.55800056	16.95199966	16.3579998	15.73200035	15.11699963	15.01799965	15.27000046	15.42700005	15.55099964	15.72299957	15.64700031	15.62699986	15.66800022	15.8039999	15.88500023
Niger																																7.441999912	7.356999874	7.414000034	7.451000214	7.330999851	6.386000156	5.250999928	4.289999962	3.121999979	2.040999889	0.998000026	1.416000009	1.847000003	2.227999926	2.707000017	2.082999945	0.428000003	0.382999986	0.32100001	0.275999993	0.218999997	0.250999987	0.230000004	0.238000005	0.224999994	0.228	0.225999996	0.224000007
Nigeria																																5.093999863	5.117000103	4.535999775	4.519000053	4.519999981	4.539000034	4.526000023	4.513999939	4.485000134	4.506999969	4.518000126	4.545000076	4.526000023	4.510000229	4.355999947	4.222000122	4.099999905	3.979000092	3.875	3.77699995	3.651000023	3.556999922	3.479000092	4.087999821	3.862999916	6.321000099	6.316999912	6.308000088
Nicaragua																																19.78199959	17.67300034	18.40800095	19.13899994	20.57500076	17.55500031	15.21399975	15.49300003	12.41499996	11.15200043	7.675000191	13.67399979	7.848999977	7.974999905	5.77699995	4.972000122	5.039999962	6.955999851	8.994999886	8.626999855	7.217000008	5.80700016	5.47300005	5.613999844	5.537000179	5.472000122	5.388000011	5.331999779
Netherlands																																9.923000336	7.813000202	7.698999882	8.053999901	8.668000221	8.119000435	7.149000168	5.806000233	4.855000019	3.46600008	2.522000074	2.881999969	3.796999931	5.046000004	5.06799984	4.356999874	3.63499999	3.012000084	3.459000111	4.510000229	5.419000149	6.230999947	7.298999786	7.756999969	7.269999981	6.518000126	5.260000229	4.110000134
Norway																																4.984000206	5.084000111	5.175000191	4.703000069	6.331999779	5.347000122	5.028999805	4.022999763	3.233999968	3.278000116	3.611999989	4.087999821	3.95600009	3.923000097	4.190000057	3.342000008	2.415999889	2.361000061	2.601000071	2.940000057	2.984999895	2.630000114	3.230000019	3.226999998	4.004000187	3.911999941	3.688999891	3.454999924
Nepal																																3.688999891	3.686000109	3.690000057	3.704999924	3.700000048	3.70600009	3.134000063	2.561000109	1.628000021	1.56400001	1.495000005	1.421000004	1.355999947	1.289000034	1.220000029	1.152999997	1.087000012	1.072999954	1.417999983	1.764999986	2.10800004	2.457999945	2.803999901	2.546000004	2.614000082	2.561000109	2.273000002	2.226000071
Nauru																																																											
New Zealand																																9.73900032	9.727000237	8.958999634	7.81799984	6.473999977	6.270999908	6.855999947	7.59800005	6.712999821	5.980999947	5.402999878	5.460000038	5.114999771	4.539000034	4.140999794	4.188000202	3.868000031	4.096000195	5.765999794	6.388000011	6.143000126	6.68599987	6.34800005	6.079999924	5.862999916	5.498000145	5.257999897	5.423999786
OECD members																																7.456255417	7.886521033	8.314004235	8.403064675	8.259793389	8.053253393	7.869246367	7.66434767	7.349263203	6.946096268	6.742332482	7.149227847	7.237366988	7.239967858	6.972362561	6.392250291	5.861590504	6.020249204	7.680940721	8.035942685	7.943750652	8.03149931	7.929282084	7.458103233	6.853428267	6.442487401	5.951417685	5.51717452
Oman																																8.845999718	8.647999763	8.506999969	8.390999794	8.232999802	8.536999702	8.680999756	8.944999695	9.105999947	8.895999908	8.904999733	8.972000122	8.895999908	8.718000412	8.562999725	8.312000275	8.137000084	7.855999947	8.543000221	9.217000008	10.13500023	10.63199997	11.36999989	12.00399971	12.48799992	13.24600029	12.82499981	12.46500015
Other small states																																15.31276404	15.3843421	16.52040806	17.08241051	17.6256209	17.29591053	17.57990231	17.86509694	15.70977386	15.14850048	16.07470961	16.25802884	16.19241724	16.59163818	16.32942319	15.31354167	15.00553917	14.83977058	15.28159747	14.98255181	14.83427997	13.93936581	14.25407182	14.00188128	14.05892521	14.3600181	14.15945019	14.26148262
Pakistan																																16.54999924	14.15499973	9.916000366	9.170999527	14.23200035	15.59300041	17.12400055	15.05200005	14.39500046	15.99600029	17.17900085	16.60300064	16.12899971	13.14999962	13.03499985	9.774000168	8.765999794	8.819999695	9.126000404	0.649999976	0.680000007	2.048000097	3.492000103	2.029000044	6.222000122	6.657999992	7.008999825	7.295000076
Panama																																22.68499947	22.42000008	20.30500031	20.4640007	20.20499992	20.0170002	18.21199989	20.9109993	16.99900055	18.0189991	19.2140007	19.20199966	18.87199974	17.50399971	14.02200031	12.40400028	9.312000275	7.961999893	8.914999962	8.536000252	4.931000233	4.979000092	5.322999954	6.092999935	5.836999893	5.670000076	5.872000217	6.037000179
Peru																																6.027999878	6.324999809	5.660999775	5.197999954	5.380000114	5.903999805	5.441999912	6.269000053	6.098999977	5.852000237	6.105000019	5.925000191	4.650000095	5.374000072	4.870999813	4.756000042	4.563000202	4.546999931	3.948999882	3.809999943	3.618999958	3.502000093	3.54399991	3.069000006	2.961999893	3.568000078	3.73300004	3.792000055
Philippines																																4.252999783	4.25	4.236000061	4.243000031	4.206999779	4.18200016	4.131000042	4.071000099	4.083000183	4.074999809	4.022999763	3.977999926	3.846999884	3.884000063	4.205999851	4.324999809	3.717000008	4.008999825	4.136000156	3.792999983	3.826999903	3.724999905	3.822000027	3.720999956	3.250999928	2.872999907	2.575999975	2.059000015
Palau																																																											
Papua New Guinea																																2.019999981	2.012000084	1.993000031	1.947000027	1.904999971	1.949000001	1.898000002	1.950999975	1.929999948	1.909000039	1.853999972	1.799000025	1.741000056	1.649000049	1.592000008	1.514000058	1.478000045	1.356999993	1.317000031	1.26699996	1.661999941	1.672999978	1.661999941	1.692999959	1.675999999	1.669999957	1.675999999	1.682000041
Poland																																13.9630003	14.71000004	15.61299992	16.00399971	14.75699997	13.94699955	12.9989996	11.82800007	13.17199993	18.32799911	20.02799988	20.6760006	19.93499947	19.7689991	19.14699936	14.92500019	10.34500027	7.960999966	8.666999817	10.02499962	10.39400005	10.90699959	11.10999966	9.588000298	7.708000183	6.225999832	4.912000179	4.395999908
Pre-demographic dividend																																8.505841781	8.445972165	8.402536922	8.412986772	8.43650823	8.407217217	8.343819846	8.301861999	8.304979235	8.245558626	8.283105323	8.115824087	8.080549706	8.067083276	7.907671847	7.766439515	7.587925402	7.433697658	7.394945265	7.409116029	7.142794777	6.921124936	6.862939767	6.92438182	6.908237602	7.35923956	7.378644716	7.387150275
Puerto Rico																																12.96700001	13.26399994	13.17800045	11.48600006	10.68700027	11.57499981	12.14400005	11.97599983	9.437000275	7.399000168	9.020000458	10.30599976	10.64599991	8.604999542	10.0909996	10.54800034	9.524000168	9.645999908	12.41100025	14.08300018	13.72099972	12.45600033	12.30200005	11.96700001	10.32499981	10.13399982	9.317000389	8.975999832
"Korea, Dem. Peoples Rep."																																6.440000057	6.65899992	6.205999851	5.579999924	5.90500021	4.045000076	3.996000051	3.805999994	3.566999912	3.678999901	3.555000067	3.638999939	3.637000084	3.644000053	3.592999935	3.740999937	3.739000082	3.601000071	3.72300005	3.701999903	3.654000044	3.630000114	3.628999949	3.618000031	3.664999962	3.855000019	3.951999903	4.008999825
Portugal																																5.638999939	4.770999908	6.285999775	7.784999847	7.785999775	8.456000328	7.501999855	5.69299984	5.083000183	4.744999886	4.949999809	5.318999767	7.258999825	7.190999985	8.640000343	8.914999962	9.48900032	8.753000259	10.0880003	11.8579998	13.04599953	15.50399971	16.36499977	14.32600021	12.74199963	11.17199993	9.350999832	7.732999802
Paraguay																																4.702000141	3.585000038	4.328000069	3.690000057	3.779999971	8.635000229	6.769999981	6.649000168	11.34899998	8.909000397	8.963999748	11.77799988	8.329000473	8.418999672	6.278999805	6.65899992	6.673999786	5.985000134	6.669000149	6.066999912	6.422999859	5.47300005	4.962999821	6.816999912	4.947000027	6.737999916	5.43200016	5.462999821
West Bank and Gaza																																16.37400055	16.35400009	16.32500076	16.25200081	16.03700066	19.24399948	20.01300049	14.96700001	13.05700016	12.34500027	13.79199982	17.00799942	18.19000053	20.04599953	22.22699928	20.52499962	19.04000092	24.16200066	26.37700081	26.73699951	28.34900093	32.85699844	34.98500061	38.5890007	39	44.67699814	47.07400131	45.85699844
Pacific island small states																																5.653647448	5.270720401	5.583409795	5.517583831	5.358292455	5.525306375	5.780143398	6.120205647	6.47912655	6.679605928	6.97893155	7.172019257	7.109571392	4.917511989	4.744073418	5.647785026	6.75933665	7.009001917	6.875454833	7.03999902	7.138683817	7.264745535	6.451109531	5.681284827	5.60896269	5.651855414	5.651874439	5.584543236
Post-demographic dividend																																7.266089274	7.674053308	8.033120016	8.072482624	7.828921443	7.836620578	7.733305828	7.781985612	7.460680939	6.896107626	6.552597149	6.849079678	6.884093829	6.806201643	6.541145909	6.100498981	5.656417841	5.845866243	7.466241064	7.845582837	7.802602668	7.93861808	7.794866953	7.359129541	6.763235336	6.342997072	5.843581778	5.374476748
French Polynesia																																15.94099998	15.79899979	15.56400013	15.22099972	14.94400024	14.67500019	14.21399975	13.66600037	13.19799995	12.88799953	12.74499989	13.39000034	13.38099957	13.35000038	13.19499969	13.06900024	12.82400036	14.80099964	16.77099991	18.90800095	20.91500092	22.6590004	22.49399948	22.3029995	22.15099907	21.80699921	21.5890007	21.43099976
Qatar																																13.45699978	12.5010004	12.52200031	12.0170002	11.66800022	11.80700016	11.48600006	11.86999989	12.26000023	12.21000004	12.55200005	10.21000004	8.031000137	3.75999999	3.742000103	3.736999989	2.448999882	1.542000055	1.677000046	2.709000111	3.319999933	2.808000088	1.465000033	0.99000001	0.790000021	0.654999971	0.535000026	0.528999984
Romania																																7.668000221	7.852000237	8.076000214	8.743000031	8.586999893	7.318999767	5.889999866	5.468999863	5.527999878	6.375999928	6.008999825	7.589000225	6.375	6.145999908	6.425000191	6.107999802	5.40500021	4.671999931	5.84100008	6.172999859	6.467000008	6.079999924	6.315000057	6.092999935	5.856999874	4.985000134	4.043000221	3.78399992
Russian Federation																																5.346000195	5.205999851	5.852000237	7.875	9.555000305	9.645000458	11.45499992	13.17099953	13.52499962	10.36900043	8.593999863	7.675000191	7.656000137	7.540999889	7.022999763	6.815999985	5.756000042	6.065000057	7.818999767	6.837999821	6.090000153	5.072000027	5.142000198	4.821000099	5.308000088	5.31400013	5.046000004	4.90500021
Rwanda																																0.328999996	0.337000012	0.333000004	0.333000004	0.349000007	0.338	0.442999989	0.541999996	0.64200002	0.753000021	0.859000027	0.976000011	1.281999946	1.618000031	1.94599998	2.263999939	2.575000048	2.903000116	3.193000078	3.507999897	3.819999933	4.051000118	2.622999907	1.26699996	1.258999944	1.32099998	1.38499999	1.447999954
South Asia																																4.808813062	4.649510243	4.475166712	4.400209955	4.553103936	4.623422249	4.728651121	4.674421619	4.655931008	4.729657236	4.919671136	5.064068205	5.252635078	5.356633181	5.596117779	5.287500572	5.069540433	5.004123109	5.093478931	4.074825738	4.095976189	4.211038895	4.490537349	4.328785977	4.761456781	4.769926811	4.766250505	4.786580114
Saudi Arabia																																4.93599987	4.948999882	5.363999844	5.739999771	6.168000221	6.651000023	7.184000015	7.65199995	8.184000015	9.371999741	9.18999958	11.64000034	12.65299988	13.50599957	14.22399998	14.77799988	14.3409996	13.94299984	16.20599937	17.49399948	19.0529995	20.96100044	20.78199959	21.6590004	21.58099937	21.5189991	21.05999947	20.84799957
Sudan																																25.4810009	26.0529995	25.70400047	25.93199921	25.9109993	25.80400085	25.68300056	25.44300079	25.49200058	25.15600014	24.95499992	24.93300056	24.74699974	24.62999916	24.4489994	24.24399948	24.11000061	24.02300072	24.08600044	23.71500015	23.91799927	23.85899925	23.52799988	23.37700081	23.26199913	23.12400055	23.11400032	23.08600044
Senegal																																7.572000027	7.55700016	7.550000191	7.528999805	7.550000191	7.505000114	7.500999928	7.502999783	7.477000237	7.414000034	7.401000023	7.337999821	8.993000031	10.56900024	12.14599991	13.67399979	13.68299961	13.63399982	13.59399986	13.61100006	13.67199993	11.53499985	9.350999832	7.18900013	4.857999802	4.93900013	5.010000229	5.072999954
Singapore																																2.194000006	3.187000036	3.358999968	3.385999918	3.427999973	3.855999947	2.608999968	3.785000086	5.22300005	3.921999931	3.931999922	5.855999947	6.265999794	6.243999958	6.06799984	4.973999977	4.354000092	4.440000057	4.544000149	3.296999931	3.051000118	2.969000101	2.862999916	2.882999897	1.743999958	1.855999947	2.084000111	1.886000037
Solomon Islands																																2.39199996	2.431999922	2.385999918	2.417999983	2.421999931	2.344000101	2.318000078	2.321000099	2.292999983	2.269999981	2.279000044	2.279999971	2.33100009	2.319000006	2.318000078	2.242000103	2.240999937	2.223999977	2.140000105	2.196000099	2.197999954	2.142999887	2.130000114	2.127000093	2.128999949	2.14199996	2.154000044	2.167000055
Sierra Leone																																2.203000069	2.207000017	2.233999968	2.246000051	2.213000059	2.207999945	2.210999966	2.236999989	2.21600008	2.252000093	2.289999962	2.292999983	2.267999887	2.279000044	2.437999964	2.601999998	2.778000116	2.928999901	3.079999924	3.247999907	3.411000013	3.605999947	3.770999908	3.821000099	3.845999956	3.773999929	3.674000025	3.585000038
El Salvador																																6.431000233	7.081999779	6.815999985	6.415999889	5.872000217	6.47300005	5.322999954	5.776000023	4.436999798	3.743000031	5.217000008	3.20600009	3.203000069	3.424999952	4.794000149	3.882999897	3.713000059	3.621999979	4.920000076	4.150000095	3.407999992	3.305000067	3.325999975	3.13499999	3.476000071	3.848999977	3.808000088	3.766000032
San Marino																																																											
Somalia																																6.71999979	6.664000034	6.717000008	6.635000229	6.695000172	6.68599987	6.618000031	6.644000053	6.638999939	6.630000114	6.626999855	6.633999825	6.639999866	6.644999981	6.657000065	6.675000191	6.702000141	6.725999832	6.749000072	6.768000126	6.78399992	6.80700016	6.830999851	6.84499979	6.84800005	6.774000168	6.706999779	6.664000034
Serbia																																13.57199955	13.47799969	13.47399998	14.44200039	14.56000042	14.33600044	14.96800041	14.85299969	14.88799953	13.67399979	13.88099957	14.95100021	16.45899963	20.00699997	25.8560009	24.75499916	21.05999947	15.84700012	17.77599907	20.19599915	23.75699997	24.9640007	23.87100029	20.2840004	18.97200012	16.07600021	14.9989996	14.02000046
Sub-Saharan Africa (excluding high income)																																8.831633768	8.788232345	8.813634301	8.846722038	8.873283253	9.402359194	9.719850446	10.01722847	10.27345887	9.868781812	9.865270119	9.816959576	9.643362391	9.376235222	9.081612695	8.848113871	8.674362957	8.523663989	8.436340225	8.458806881	8.213934078	7.955654829	7.771110214	7.799498451	7.825525375	8.266881287	8.318024974	8.338403015
South Sudan																																12.88599968	12.43599987	12.68500042	12.62100029	13.3380003	13.28999996	13.44200039	13.0710001	13.09399986	13.02900028	13.14999962	13.29199982	12.99499989	13.25300026	13.23400021	13.18599987	13.26799965	13.17599964	13.12800026	13.16699982	12.57600021	12.09899998	14.16800022	13.22799969	13.01599979	12.65400028	12.79899979	12.86999989
Sub-Saharan Africa																																8.831633768	8.788232345	8.813634301	8.846722038	8.873283253	9.402359194	9.719850446	10.01722847	10.27345887	9.868781812	9.865270119	9.816959576	9.643362391	9.376235222	9.081612695	8.848113871	8.674362957	8.523663989	8.436340225	8.458806881	8.213934078	7.955654829	7.771110214	7.799498451	7.825525375	8.266881287	8.318024974	8.338403015
Small states																																16.10669619	16.11896527	17.06844291	17.44856686	17.4427945	17.23784002	17.42196301	17.6801864	15.85251105	15.29106307	15.70678963	15.85432745	15.6710596	15.45862456	15.12197033	14.00885723	13.73022401	13.71738237	14.31035899	14.30714908	14.20633886	13.55862674	13.98669837	13.69729899	13.64767606	13.8390785	13.63723006	13.70389834
Sao Tome and Principe																																18.00499916	17.9489994	17.91300011	17.93600082	17.93099976	17.90600014	17.90500069	18.00600052	18.00900078	17.88899994	26.18199921	26.58799934	26.43400002	24.51600075	25.86300087	25.8010006	24.76000023	24.54800034	23.74200058	23.11499977	22.43199921	21.70700073	21.61400032	21.52799988	21.45999908	21.4109993	21.52300072	21.60199928
Suriname																																29.5529995	24.52199936	23.94300079	15.99400043	11.19499969	16.98600006	16.08300018	16.44099998	20.03300095	19.20000076	16.91799927	16.99399948	15.85599995	15.83899975	16.25399971	15.51500034	15.24499989	15.0369997	14.84700012	12.41300011	11.35099983	10.28800011	7.922999859	11.89599991	11.47999954	12.76599979	12.54100037	12.47099972
Slovak Republic																																12.02000046	12.32600021	11.82199955	14.09799957	13.78899956	12.67599964	12.83699989	12.54800034	15.9119997	18.6079998	18.54700089	18.78000069	17.2840004	19.62599945	17.23699951	14.73099995	12.67599964	10.93000031	12.82999992	14.60099983	13.63099957	14.51399994	14.52400017	13.62800026	12.88700008	10.75500011	8.407999992	7.517000198
Slovenia																																5.943999767	6.056000233	6.40899992	6.947000027	6.843999863	6.652999878	6.953999996	7.46999979	7.465000153	7.065999985	6.011000156	6.264999866	7.019999981	6.396999836	7.03399992	7.18599987	5.830999851	4.816999912	5.806000233	7.022999763	8.175000191	9.369000435	10.90799999	10.55000019	10.0340004	8.588000298	7.47300005	7.085999966
Sweden																																2.947000027	4.610000134	7.646999836	8.137000084	7.862999916	8.579999924	9.68200016	8.036999702	6.860000134	5.004000187	3.612999916	3.572000027	4.388999939	5.096000195	7.553999901	7.234000206	6.419000149	6.515999794	7.964000225	8.501000404	7.72300005	7.702000141	7.826000214	7.616000175	7.252999783	6.586999893	6.441999912	6.061999798
Eswatini																																23.7140007	23.65699959	23.53499985	23.43400002	23.36300087	23.43199921	24.00499916	23.82500076	23.64500046	23.44499969	23.31900024	23.2310009	23.13500023	23.03899956	22.97400093	22.79000092	29.10000038	28.88500023	28.69599915	28.4640007	28.17000008	27.87599945	27.57299995	27.26399994	26.96699905	26.97900009	27.0340004	27.04800034
Sint Maarten (Dutch part)																																																											
Seychelles																																																											
Syrian Arab Republic																																13.51299953	10.04899979	6.452000141	11.66100025	13.80300045	14.13899994	14.50599957	14.49300003	15.04800034	20.09399986	25.55599976	24.75	20.90699959	21.61100006	22.3409996	23.43600082	25.625	24.13100052	22.13199997	21.89699936	38.12099838	37.87400055	37.7140007	37.48799896	38.10300064	38.11299896	38.20999908	38.13999939
Turks and Caicos Islands																																																											
Chad																																6.528999805	6.485000134	6.477000237	6.578999996	6.540999889	6.603000164	6.664999962	6.698999882	6.638999939	6.652999878	6.809000015	6.791999817	6.854000092	6.889999866	6.811999798	6.743999958	6.778999805	6.78000021	6.789999962	6.874000072	6.738999844	6.781000137	6.752999783	6.743999958	6.697999954	6.823999882	6.985000134	7.03399992
East Asia & Pacific (IDA & IBRD countries)																																4.137058431	3.692887108	3.66921611	3.705611759	3.863812314	3.905136359	3.957008187	4.194021458	4.200063556	4.026023415	4.075826084	3.963387344	3.880586147	3.948368561	3.96597638	3.84459973	3.728454686	3.949254368	3.803794151	3.665287321	3.633752287	3.609934729	3.619618662	3.598263633	3.648944499	3.674594351	3.759625991	3.840248862
Europe & Central Asia (IDA & IBRD countries)																																7.204298893	7.194177884	7.648903002	8.801305748	9.516008409	9.858756222	10.6701789	11.35447467	11.78937427	10.93247028	10.29072589	10.02671981	9.736550876	9.708261832	9.32619951	8.468323977	7.342950997	7.131814336	8.471874404	8.174937051	7.797393858	7.376514473	7.470944117	7.414627136	7.499824559	7.284169913	7.051022387	6.833076502
Togo																																1.590000033	1.585000038	1.58099997	1.620000005	1.623999953	1.585999966	1.600999951	1.583999991	1.593000054	1.582000017	1.578999996	1.577000022	1.588000059	1.580000043	1.574000001	1.577999949	1.57099998	1.569000006	1.567999959	1.567000031	1.565999985	1.562000036	1.559000015	1.557000041	1.55400002	1.552000046	1.549999952	1.549000025
Thailand																																2.691999912	1.370000005	1.48300004	1.626999974	1.287999988	1.113000035	0.903999984	3.40199995	2.934999943	2.334000111	2.48300004	1.720999956	1.429999948	1.373000026	1.218999982	1.128999949	1.077000022	1.049999952	1.453999996	0.623000026	0.671000004	0.529999971	0.474000007	0.564999998	0.605000019	0.984000027	1.13499999	1.325000048
Tajikistan																																7.769999981	6.960999966	7.376999855	7.236999989	7.517000198	11.79100037	11.64999962	11.48200035	11.6239996	11.43700027	11.35099983	11.48499966	11.47000027	11.46100044	11.58199978	11.58399963	11.59899998	11.59700012	11.78600025	11.72299957	11.54199982	11.38899994	11.27999973	11.18599987	11.10000038	11.02999973	10.95800018	10.98900032
Turkmenistan																																2.891000032	2.674999952	2.726999998	2.677000046	2.808000088	4.199999809	4.235000134	4.040999889	3.928999901	3.904999971	3.885999918	3.917000055	3.904000044	3.923000097	3.924999952	3.948999882	3.953999996	3.90199995	4.024000168	3.986000061	3.871999979	3.877000093	3.855000019	3.815000057	3.822999954	3.724999905	3.648999929	3.58100009
Latin America & the Caribbean (IDA & IBRD countries)																																7.57293235	7.769158741	7.750132068	8.379480597	9.486338602	10.1283357	10.05779869	10.56381154	11.36754202	11.47270889	11.07173015	11.38562019	11.51140178	10.95791375	10.40593705	9.691939021	9.042931079	8.712626594	9.45299615	8.663551736	8.167040995	7.928168282	7.73703757	7.374509334	7.984402785	9.268018846	9.908218304	9.369484111
Timor-Leste																																12.84899998	12.56299973	12.27900028	12.01399994	11.81999969	11.63700008	11.59300041	11.47299957	11.30000019	12.20199966	12.17800045	10.71500015	10.08500004	9.392999649	8.710000038	7.472000122	8.097999573	6.96999979	5.90199995	4.406000137	4.335999966	4.293000221	4.297999859	4.34499979	4.389999866	4.445000172	4.488999844	4.546000004
Middle East & North Africa (IDA & IBRD countries)																																19.54468731	18.41584478	19.39273806	20.30850962	21.13370974	18.14078728	17.57325791	19.15417447	17.78667163	19.71323658	20.69374821	20.97638269	20.40102636	18.82985022	20.37542114	18.68097292	17.3733743	17.40361918	18.61141648	20.67251457	20.20289986	20.57179588	20.07360574	20.00730291	20.11618398	20.22644857	20.01887154	19.73820461
Tonga																																2.127000093	1.975000024	1.906000018	2.434000015	3.003999949	3.50999999	4.054999828	4.727000237	5.291999817	5.853000164	6.43200016	6.933000088	7.427000046	5.951000214	4.479000092	1.554999948	1.550999999	1.54400003	1.529999971	1.521999955	1.514000058	1.508999944	1.529000044	1.55400002	1.56099999	1.555999994	1.593999982	1.628999949
South Asia (IDA & IBRD)																																4.808813062	4.649510243	4.475166712	4.400209955	4.553103936	4.623422249	4.728651121	4.674421619	4.655931008	4.729657236	4.919671136	5.064068205	5.252635078	5.356633181	5.596117779	5.287500572	5.069540433	5.004123109	5.093478931	4.074825738	4.095976189	4.211038895	4.490537349	4.328785977	4.761456781	4.769926811	4.766250505	4.786580114
Sub-Saharan Africa (IDA & IBRD countries)																																8.831633768	8.788232345	8.813634301	8.846722038	8.873283253	9.402359194	9.719850446	10.01722847	10.27345887	9.868781812	9.865270119	9.816959576	9.643362391	9.376235222	9.081612695	8.848113871	8.674362957	8.523663989	8.436340225	8.458806881	8.213934078	7.955654829	7.771110214	7.799498451	7.825525375	8.266881287	8.318024974	8.338403015
Trinidad and Tobago																																22.6609993	23.72699928	23.44199944	21.91200066	20.53700066	21.02700043	19.61300087	18.77199936	16.75200081	15.16300011	14.33199978	14.43099976	14.47900009	11.46000004	10.9630003	8.722999573	7.914000034	6.18599987	6.277999878	7.019000053	5.618999958	6.217000008	4.717000008	3.928999901	4.113999844	5.517000198	6.086999893	6.381999969
Tunisia																																18.93499947	18.57099915	18.56900024	18.3010006	18.02199936	17.56500053	17.34399986	17.30800056	17.20800018	16.90299988	16.38800049	16.34799957	16.21299934	19.26099968	15.15299988	15.14799976	15.13099957	15.91800022	18.7859993	18.95800018	27.39599991	25.65600014	23.06500053	21.51399994	22.44199944	23.47100067	23.1420002	22.79000092
Turkey																																6.973999977	7.590000153	9.097000122	7.900000095	7.131999969	5.81099987	7.592999935	6.632999897	7.421999931	6.122000217	7.323999882	9.293000221	9.906000137	10.81900024	11.02000046	8.984000206	9.017999649	9.854000092	12.44299984	11.24100018	9.960000038	9.284000397	10.43799973	11.7130003	12.5	13.52900028	14.40400028	13.96000004
Tuvalu																																																											
Tanzania																																4.612999916	4.781000137	4.953000069	5.123000145	5.296999931	5.479000092	5.638999939	5.809999943	5.988999844	6.157000065	6.574999809	4.618999958	5.031000137	5.453000069	5.861999989	6.179999828	5.202000141	4.511000156	3.21600008	3.823999882	4.328999996	4.147999763	3.865999937	2.678999901	2.674000025	2.740999937	2.805000067	2.86500001
Uganda																																0.551999986	1.126000047	1.43900001	1.753000021	2.069000006	2.374000072	2.678999901	2.996999979	3.319000006	3.609999895	3.948999882	4.210999966	3.85800004	3.068000078	2.288000107	2.963999987	3.653000116	4.343999863	5.000999928	4.81400013	4.625	4.270999908	2.497999907	2.494999886	2.492000103	2.65199995	2.812999964	2.963999987
Ukraine																																5.177999973	5.048999786	4.572999954	4.447000027	4.916999817	6.688000202	7.794000149	9.859999657	10.06900024	10.11299992	9.515999794	8.347999573	7.860000134	8.303999901	6.835000038	5.822000027	5.422999859	5.427000046	7.309999943	6.820000172	6.678999901	6.420000076	6.21999979	7.521999836	8.083000183	7.943999767	7.960000038	7.56400013
Upper middle income																																5.534519622	5.174730187	5.129440234	5.432193896	5.704054418	5.885343015	6.085855834	6.511566343	6.704410714	6.299014536	6.139519375	6.103048941	6.032535279	5.910472302	5.793716427	5.528316239	5.184310912	5.479874408	5.785348779	5.555346585	5.493925791	5.459737781	5.498476468	5.451330454	5.670620369	6.108848718	6.332800871	6.291817836
Uruguay																																11.62300014	11.96199989	11.00500011	11.97200012	12.9989996	15.64500046	15.02900028	12.8210001	14.68200016	16.86100006	19.5909996	21.22800064	20.50900078	16.38199997	15.46899986	14.08600044	12.42700005	10.52799988	9.925000191	9.472000122	8.104000092	8.307999611	8.225999832	8.359000206	8.859999657	9.44699955	9.480999947	9.762999535
United States																																6.43599987	7.024000168	6.605000019	6.018000126	5.616000175	5.427000046	5.015999794	4.618999958	4.34499979	4.098999977	4.647999763	5.605999947	5.664999962	5.400000095	5.096000195	4.625	4.494999886	5.413000107	8.05700016	8.607999802	8.458999634	7.892000198	7.077000141	6.061999798	5.177000046	4.789000034	4.31099987	3.994999886
Uzbekistan																																6.793000221	6.43599987	6.676000118	6.570000172	6.734000206	8.267000198	8.175999641	8.18599987	8.178999901	8.187999725	8.180000305	8.187999725	8.18900013	8.119000435	8.128000259	8.116000175	8.062000275	8.062999725	8.065999985	8.027000427	7.992000103	7.946000099	7.894999981	7.830999851	7.767000198	7.382999897	7.072000027	6.856999874
St. Vincent and the Grenadines																																22.10400009	21.16600037	21.6989994	22.55999947	21.07299995	22.05599976	21.42000008	21.20999908	21.64100075	21.64500046	23.25399971	21.82500076	21.2159996	21.0359993	20.80599976	19.80400085	19.84399986	20.68700027	20.68899918	20.61199951	20.21899986	19.82999992	19.46899986	19.7689991	19.4659996	19.59199905	19.67300034	19.64599991
"Venezuela, RB"																																9.218000412	6.859000206	5.669000149	9.607000351	12.7159996	14.4659996	13.71899986	13.38599968	15.97099972	14.43000031	14.66399956	18.94099998	20.5	16.43799973	13.12300014	11.04300022	8.133999825	7.370999813	8.996999741	9.440999985	9.078000069	8.430999756	8.600000381	7.762000084	7.678999901	8.348999977	8.579000473	8.890999794
British Virgin Islands																																																											
Virgin Islands (U.S.)																																9.824999809	9.743000031	8.430999756	10.51900005	9.631999969	9.133000374	9.722999573	8.49600029	9.048000336	7.363999844	8.503000259	6.914999962	9.163000107	8.720999718	8.687999725	8.225000381	8.090000153	8.303999901	8.94299984	8.105999947	8.944999695	9.281000137	8.605999947	8.092000008	7.93900013	7.788000107	7.665999889	7.561999798
Vietnam																																2.145999908	2.138999939	2.102999926	2.075000048	2.04399991	2.009000063	2.980999947	2.374000072	2.411999941	2.335000038	2.845999956	2.181999922	2.311000109	2.444000006	2.536000013	2.617000103	2.690999985	2.394999981	2.678999901	2.637000084	2.007999897	1.751000047	1.970999956	1.838000059	1.995000005	1.957000017	1.909000039	1.947999954
Vanuatu																																6.31099987	6.304999828	6.277999878	6.361999989	6.245999813	6.276000023	6.321000099	6.263999939	6.264999866	6.352000237	6.252999783	6.276000023	6.372000217	6.354000092	6.352000237	6.361999989	6.302999973	6.298999786	6.223999977	6.177000046	6.142000198	6.111999989	6.076000214	6.043000221	6.013999939	6.020999908	5.973999977	5.927000046
World																																6.011748446	5.902016057	6.00367592	6.181568472	6.36700604	6.45406696	6.545547938	6.765951379	6.821974243	6.578266868	6.50441727	6.572845175	6.563431417	6.509959735	6.44806051	6.125211107	5.810247711	5.880814493	6.349142062	6.205875834	6.084678835	6.055998737	6.031637391	5.874477437	5.915618187	6.030380545	6.025419169	5.924429781
Samoa																																2.52699995	2.934000015	3.224999905	3.605000019	3.861000061	4.138000011	4.361999989	4.635000229	4.862999916	5.15500021	5.850999832	4.979000092	4.119999886	3.263000011	2.476999998	1.595000029	2.551000118	3.568000078	4.532999992	5.539999962	6.524000168	10.37300014	10.49100018	10.41399956	10.4659996	10.16100025	9.800000191	9.63599968
Kosovo																																																											
"Yemen, Rep."																																4.097000122	3.992000103	3.963000059	3.872999907	4.681000233	5.551000118	6.406000137	7.257999897	8.152000427	13.61900043	19.26799965	24.87599945	30.52700043	36.1780014	41.8390007	39.07300186	38.99300003	38.89599991	38.79899979	54.81700134	48.90100098	40.31200027	32.92100143	26.12800026	26.63999939	26.49200058	28.31500053	29.95100021
South Africa																																24.12999916	23.93400002	23.84499931	23.72800064	20.18600082	25.67300034	27.9640007	29.93300056	30.66699982	26.70999908	28.08699989	31.60499954	31.28300095	28.84700012	28.42900085	27.45400047	26.63800049	25.81800079	25.58799934	27.02300072	27.22999954	27.0739994	26.54100037	27.04000092	27.54299927	28.99500084	29.50300026	29.54700089
Zambia																																20.00300026	20.51099968	20.82500076	19.55599976	18.26099968	15.84300041	14.17700005	12.67199993	13.18900013	10.89799976	10.71899986	10.50399971	10.33199978	10.1260004	9.920999527	9.642999649	9.37100029	8.390999794	11.24100018	13.81799984	10.60400009	8.520000458	8.463999748	8.427000046	8.380999565	8.369999886	8.350000381	8.32199955
Zimbabwe																																2.959000111	2.888999939	2.928999901	2.96600008	3.477999926	3.990999937	5.011000156	4.801000118	4.592999935	4.614999771	4.659999847	4.597000122	4.554999828	4.527999878	4.72300005	4.936999798	5.118999958	5.239999771	5.605999947	5.837999821	6.014999866	5.971000195	5.876999855	5.81799984	5.774000168	5.734000206	5.693999767	5.662000179
