Country Name	Country Code	1960	1961	1962	1963	1964	1965	1966	1967	1968	1969	1970	1971	1972	1973	1974	1975	1976	1977	1978	1979	1980	1981	1982	1983	1984	1985	1986	1987	1988	1989	1990	1991	1992	1993	1994	1995	1996	1997	1998	1999	2000	2001	2002	2003	2004	2005	2006	2007	2008	2009	2010	2011	2012	2013	2014	2015	2016	2017	2018
Aruba	ABW																																																											
Afghanistan	AFG																																11.61600018	10.08500004	11.98799992	11.91600037	7.605000019	10.6420002	10.61100006	10.50399971	10.56099987	10.68299961	11.09200001	7.53000021	8.050000191	9.277999878	7.59499979	8.284000397	6.975999832	8.050000191	5.869999886	7.085999966	7.467000008	7.130000114	7.612999916	7.828000069	7.945000172	7.968999863	8.024999619	8.045999527
Angola	AGO																																22.03899956	22.14299965	22.16699982	22.08799934	21.95499992	22.00399971	22.08200073	22.09399986	22.07900047	22.01300049	21.97299957	21.80699921	21.83099937	21.71500015	19.57600021	17.52700043	15.47500038	13.42599964	11.40999985	9.31799984	7.019000053	6.997000217	6.968999863	6.956999779	6.94299984	7.333000183	7.68599987	8.003000259
Albania	ALB																																18.42200089	18.61100006	21.14599991	20.71199989	19.49099922	18.51300049	18.28899956	18.08200073	18.63400078	18.17000008	18.10300064	17.6970005	17.05500031	16.47100067	15.91499996	15.34300041	13.69799995	13.27900028	12.31099987	14.56799984	14.43900013	13.96100044	17.48200035	19.14900017	17.03700066	15.70499992	14.28899956	15.40100002
Andorra	AND																																																											
Arab World	ARB																																10.72224573	10.7925692	11.25764356	11.71338799	12.43020691	11.14057745	10.54689909	10.59387998	10.34080251	10.6422574	10.38187934	10.35193208	10.07222817	9.086867256	8.702556029	8.003211728	7.788968877	7.447879711	6.898658675	7.529778781	8.049325987	8.058696871	7.993910692	8.018521988	7.95941807	7.683618759	7.610180599	7.508063662
United Arab Emirates	ARE																																1.824000001	1.835000038	1.840000033	1.76699996	1.726999998	1.855999947	1.955000043	2.096999884	2.161000013	2.186000109	2.38499999	2.474999905	2.486999989	2.509000063	2.555000067	2.568000078	2.579999924	2.517999887	2.98300004	2.653000116	2.390000105	2.15899992	1.906999946	1.66900003	1.422000051	1.225000024	1.258999944	1.291000009
Argentina	ARG																																5.243999958	6.130000114	8.44299984	10.27900028	16.47699928	15.66899967	12.83699989	11.66800022	13.27000046	14.04199982	17.4090004	20.12100029	13.80500031	11.88599968	10.04800034	8.416999817	6.711999893	6.514999866	7.791999817	6.690999985	6.256000042	6.09100008	6.125999928	6.493000031	6.401000023	8.100999832	7.822000027	7.500999928
Armenia	ARM																																1.437000036	1.312000036	3.546000004	4.965000153	3.752000093	4.607999802	5.420000076	5.75	7.715000153	8.545000076	9.479999542	10.74100018	11.80200005	12.93999958	13.78499985	14.78800011	15.63599968	16.37700081	17.77099991	17.0909996	17.36300087	16.51600075	14.42000008	15.75500011	17.38500023	18.22599983	18.01600075	17.89999962
American Samoa	ASM																																																											
Antigua and Barbuda	ATG																																																											
Australia	AUS																																9.887999535	11.30700016	11.50199986	9.982000351	8.73900032	8.711000443	8.578000069	7.941999912	7.03399992	6.454999924	6.97300005	6.532999992	5.889999866	5.275000095	4.877999783	4.668000221	4.047999859	3.95600009	5.690999985	5.070000172	4.894999981	5.138999939	5.705999851	5.993000031	6.051000118	5.664000034	5.525000095	5.390999794
Austria	AUT																																3.334000111	3.460999966	4.070000172	3.207999945	3.924999952	5.335999966	5.059000015	5.467999935	4.65199995	4.763999939	3.914000034	5.106999874	5.131000042	5.784999847	5.440000057	4.940000057	4.491000175	3.89199996	5.484000206	4.981999874	4.546000004	4.934999943	5.367000103	5.829999924	6.084000111	6.426000118	5.912000179	5.78399992
Azerbaijan	AZE																																8.161999702	7.336999893	7.289999962	8.32199955	8.137000084	10.35499954	11.27700043	11.07900047	11.67300034	10.94799995	10.32499981	9.663000107	9.260000229	7.949999809	7.25	6.897999763	7.809000015	7.147999763	4.923999786	4.385000229	4.431000233	4.322999954	4.037000179	4.019000053	4.087999821	4.135000229	4.676000118	4.68599987
Burundi	BDI																																2.184000015	2.184999943	2.193000078	2.201999903	2.220000029	2.226000071	2.230000019	2.237999916	2.256999969	2.269000053	2.272000074	2.26699996	2.256000042	2.239000082	2.217999935	2.193000078	2.170000076	2.141000032	2.098999977	2.052999973	2.016000032	1.975999951	1.934000015	2.04399991	2.049999952	2.094000101	2.028000116	1.965999961
Belgium	BEL																																4.558000088	4.793000221	6.163000107	7.699999809	7.308000088	7.40500021	7.092000008	7.579999924	7.474999905	5.313000202	5.632999897	6.242000103	7.43900013	6.649000168	7.600999832	7.40500021	6.668000221	6.473999977	7.743999958	8.104999542	7.107999802	7.649000168	8.645000458	9.015999794	9.088000298	8.06000042	7.118000031	6.485000134
Benin	BEN																																2.167999983	2.171000004	2.036000013	1.914000034	1.777999997	1.652999997	1.521999955	1.396000028	1.26699996	1.139999986	1.011999965	0.925000012	0.935000002	0.940999985	0.949999988	0.953000009	0.953999996	0.958000004	0.962000012	0.893999994	2.438999891	2.433000088	2.424999952	2.421000004	2.417999983	2.34100008	2.26699996	2.198999882
Burkina Faso	BFA																																2.423000097	2.434999943	2.431999922	2.434999943	2.40899992	2.381000042	2.36500001	2.342000008	2.394000053	2.453999996	2.494999886	2.546000004	2.605000019	3.163000107	3.749000072	2.871999979	3.095000029	3.220000029	3.35800004	3.474999905	3.612999916	3.747999907	3.88499999	4.052000046	4.048999786	4.044000149	4.046999931	4.050000191
Bangladesh	BGD																																2.019000053	2.181999922	2.374000072	2.54399991	2.709000111	2.674999952	2.861000061	3.072999954	3.244999886	3.368000031	3.46600008	3.573999882	4.231999874	3.878000021	3.398000002	2.700999975	3.323999882	3.576999903	4.186999798	3.105999947	3.198999882	3.27699995	3.421999931	3.367000103	3.312999964	3.187000036	3.26699996	3.338999987
Bulgaria	BGR																																20.49799919	20.73399925	20.8409996	20.17499924	15.70899963	13.77900028	13.88899994	12.57400036	14.05300045	16.56399918	20.8579998	18.77599907	14.19699955	12.40200043	10.29100037	8.644000053	6.522999763	5.481999874	6.985000134	10.85700035	12.26000023	13.52000046	13.90100002	12.30900002	9.772000313	8.093000412	6.34499979	5.065000057
Bahrain	BHR																																0.551999986	0.549000025	0.546999991	0.54400003	0.532000005	0.532000005	0.535000026	0.531000018	0.52700001	0.518999994	0.546999991	0.555999994	0.552999973	0.546000004	0.532000005	0.538999975	0.52700001	0.504000008	0.477999985	0.442999989	0.479000002	0.472000003	0.469000012	0.463	0.455000013	0.465000004	0.463999987	0.458000004
"Bahamas, The"	BHS																																12.4119997	14.02900028	12.47999954	12.62100029	10.07499981	8.800000191	8.552000046	5.772999763	5.828999996	5.907999992	6.568999767	8.975000381	10.14299965	9.517000198	9.369000435	6.901000023	6.826000214	7.282999992	14.6619997	14.45600033	13.80300045	14.27099991	15.23499966	13.02400017	11.35700035	11.52600002	11.47500038	11.14500046
Bosnia and Herzegovina	BIH																																15.10599995	16.08499908	18.06900024	21.76600075	23.8010006	23.81500053	23.81299973	23.98800087	24.87599945	23.47200012	23.78899956	25.22299957	25.73500061	27.15200043	27.59799957	28.74900055	26.47200012	21.21899986	23.03800011	25.49699974	26.14999962	26.30599976	26.50099945	25.16500092	25.76799965	22.20299911	22.8409996	23.4279995
Belarus	BLR																																0.69599998	0.568000019	0.574999988	0.614000022	0.634000003	0.880999982	0.911000013	0.896000028	0.949999988	0.920000017	0.90200001	0.935000002	0.924000025	0.912999988	0.875999987	0.86500001	0.873000026	0.860000014	0.899999976	1.149999976	0.680000007	0.619000018	0.509000003	0.488999993	0.488999993	0.469000012	0.449999988	0.435000002
Belize	BLZ																																4.492000103	6.125999928	7.764999866	9.090000153	10.05000019	11.69400024	9.036999702	10.84000015	9.131999969	7.481999874	5.840000153	7.397999763	7.421000004	7.440000057	7.501999855	6.171999931	5.850999832	5.440000057	6.492000103	7.326000214	8.239999771	8.973999977	7.768000126	6.198999882	6.606999874	4.138000011	5.876999855	5.732999802
Bermuda	BMU																																																											
Bolivia	BOL																																5.696000099	5.486999989	6.514999866	3.345999956	3.394000053	5	2.114000082	2.865999937	3.61500001	3.615999937	4.630000114	4.270999908	3.974999905	3.683000088	4.370999813	3.821000099	4.245999813	1.998999953	2.405999899	2.14199996	1.878000021	1.501000047	1.960999966	1.375	2.563999891	2.328999996	2.47300005	2.546999931
Brazil	BRA																																4.679999828	5.497000217	5.227000237	5.053999901	5.157000065	5.586999893	6.269999981	7.162000179	7.907999992	7.877999783	7.538000107	7.337999821	7.822999954	6.81799984	7.105000019	6.394000053	6.032000065	5.659999847	6.171000004	5.328999996	4.895999908	5.816999912	5.671999931	5.602000237	7.224999905	10.21199989	11.80300045	10.66399956
Barbados	BRB																																19.97900009	20.20899963	21.39999962	18.125	16.6060009	11.75500011	11.2869997	8.586000443	7.925000191	7.278999805	7.984000206	8.463000298	9.463999748	8.510000229	7.892000198	8.437000275	7.203999996	7.800000191	10.0880003	10.95600033	11.39400005	11.78499985	11.68400002	11.625	12.12899971	9.350000381	9.269000053	9.048999786
Brunei Darussalam	BRN																																4.078000069	4.212999821	4.261000156	4.375	4.456999779	4.556000233	4.598999977	4.677999973	4.757999897	4.776000023	4.896999836	5.000999928	5.070000172	5.098999977	5.125999928	5.239999771	5.249000072	5.289999962	5.355999947	5.465000153	5.40899992	5.296999931	5.18900013	6.140999794	6.024000168	6.118999958	6.255000114	6.277999878
Bhutan	BTN																																1.243000031	1.291000009	1.277999997	1.281999946	1.210999966	1.210999966	1.22300005	1.218000054	1.213999987	1.485999942	1.64199996	1.616000056	1.549999952	2.135999918	2.642999887	2.648999929	3.102999926	3.141000032	2.724999905	2.65899992	2.032999992	1.906999946	2.256000042	1.965999961	1.842000008	1.861999989	1.873999953	1.856999993
Botswana	BWA																																11.6420002	13.70600033	15.77499962	19.93300056	19.83499908	19.73399925	19.25600052	18.77899933	16.78700066	14.8039999	15.73200035	18.67399979	21.62599945	20.17300034	18.72100067	15.82800007	15.15600014	14.47999954	13.13799953	14.72999954	14.45100021	14.29300022	14.51299953	14.13099957	13.78899956	13.92500019	14.21100044	14.49600029
Central African Republic	CAF																																5.697000027	5.710000038	5.702000141	5.65500021	5.675000191	5.730000019	5.675000191	5.696000099	5.697000027	5.715000153	5.721000195	5.731999874	5.765999794	5.731999874	5.732999802	5.730999947	5.737999916	5.754000187	5.758999825	5.756000042	5.769000053	5.784999847	5.861000061	5.842999935	5.868000031	5.609000206	5.380000114	5.173999786
Canada	CAN																																10.82199955	12.01200008	11.94799995	10.88700008	9.800000191	9.890000343	9.248999596	8.520999908	7.826000214	6.943999767	7.52699995	8.125	7.931000233	7.482999802	7.014999866	6.520999908	6.381999969	6.571000099	9.527999878	8.791000366	7.956999779	7.715000153	7.494999886	7.376999855	7.460000038	7.678999901	6.778999805	6.276000023
Central Europe and the Baltics	CEB																																10.72209424	11.12979997	11.57968969	11.51009531	10.62318914	9.565976606	8.475472692	8.423888884	10.20988715	11.96739527	12.87353467	13.48340244	12.67256336	12.77849006	11.52103607	9.686437911	7.483647925	6.297119577	8.511574159	9.969351922	9.711206537	9.846296572	9.888243385	8.776003138	7.74186851	6.526342396	5.320577824	4.717306264
Switzerland	CHE																																1.220999956	2.25999999	3.072000027	3.470999956	2.881999969	3.417000055	4.366000175	3.171000004	2.812000036	2.302000046	1.700000048	2.775000095	3.812000036	3.947000027	3.891000032	3.401000023	2.928999901	2.819000006	3.773000002	4.485000134	4.074999809	4.272999763	4.602000237	4.690999985	4.702000141	4.84100008	4.571000099	4.539000034
Channel Islands	CHI																																12.94099998	12.02400017	10.72299957	9.888999939	10.60599995	10.54800034	10.14799976	10.08699989	10.01000023	9.796999931	10.4460001	10.64000034	9.994999886	10.66699982	10.49400043	10.7670002	10.77700043	12.50699997	13.17199993	11.0880003	11.34399986	11.38599968	11.03100014	10.44400024	10.90999985	10.45899963	10.24600029	10.02299976
Chile	CHL																																5.025000095	3.898000002	4.195000172	5.433000088	4.441999912	5.59499979	5.367000103	5.734000206	9.395000458	8.734000206	8.861000061	8.621999741	7.893000126	7.915999889	7.027999878	6.729000092	6.291999817	6.774000168	9.085000038	7.446000099	6.31099987	5.656000137	5.546999931	6.335999966	6.072000027	6.368999958	6.605000019	6.598999977
China	CHN																																5.181000233	4.677999973	4.635000229	4.664000034	4.90500021	4.964000225	4.988999844	5.140999794	5.118999958	4.94299984	4.947000027	4.81799984	4.699999809	4.701000214	4.53000021	4.374000072	4.116000175	4.774000168	4.698999882	4.609000206	4.768000126	4.914999962	4.995999813	5.058000088	5.072999954	5.051000118	5.013999939	4.998000145
Cote d'Ivoire	CIV																																5.474999905	5.477000237	4.93900013	4.399000168	3.346999884	3.348999977	3.351000071	3.342000008	3.279999971	3.217000008	3.140000105	3.069999933	2.996999979	2.91899991	2.845999956	2.776000023	2.703999996	2.631999969	2.559999943	2.493999958	2.433000088	2.338000059	2.269999981	2.200999975	2.131999969	2.078999996	2.082000017	2.085000038
Cameroon	CMR																																9.166000366	9.18900013	9.197999954	9.213999748	9.369000435	9.437999725	9.204999924	8.937999725	8.654000282	8.37899971	8.149000168	7.172999859	6.206999779	5.275000095	4.211999893	3.368000031	2.522000074	2.744999886	2.969000101	3.414999962	3.437999964	3.450999975	3.464999914	3.467999935	3.444999933	3.40899992	3.423000097	3.436000109
"Congo, Dem. Rep."	COD																																3.023999929	3.02699995	3.028000116	3.023999929	3.003000021	3.019999981	3.029999971	3.026000023	3.023999929	3.02699995	3.022000074	3.015000105	3.013000011	3.013000011	3.01699996	3.026000023	3.028000116	3.032000065	3.042000055	3.03399992	3.039999962	3.04399991	3.042999983	3.042000055	3.046000004	3.061000109	3.078000069	3.095000029
"Congo, Rep."	COG																																19.47400093	19.42399979	19.40099907	19.32799911	19.16500092	19.11800003	19.12299919	19.00099945	18.98500061	18.78000069	18.79700089	18.73399925	18.70899963	18.60300064	18.49200058	17.59300041	16.76199913	15.76799965	15.00599957	13.55799961	12.17700005	9.324999809	9.336000443	9.31400013	9.364999771	9.772999763	10.26200008	10.47099972
Colombia	COL																																8.251999855	7.397999763	5.919000149	5.875	7.197000027	9.949999809	10.31499958	13.06099987	17.88199997	17.73699951	12.31499958	12.83600044	11.26000023	10.88300037	9.204000473	9.788000107	8.758000374	8.866000175	9.388999939	8.522999763	7.962999821	7.570000172	7.19299984	6.563000202	6.217000008	6.623000145	6.892000198	7.052000046
Comoros	COM																																4.638000011	4.600999832	4.607999802	4.611000061	4.573999882	4.574999809	4.539000034	4.531000137	4.506999969	4.491000175	4.465000153	4.440000057	4.423999786	4.410999775	4.366000175	4.355999947	4.335000038	4.30700016	4.278999805	4.251999855	4.230000019	4.204999924	4.179999828	4.164000034	4.144000053	4.137000084	4.119999886	4.099999905
Cabo Verde	CPV																																11.02700043	10.97500038	10.90200043	10.86499977	10.82199955	10.78899956	10.75	10.72799969	10.71199989	10.73200035	10.72599983	10.71700001	10.67500019	10.65799999	10.59500027	10.48499966	10.38799953	10.29300022	10.22200012	10.09500027	9.989999771	9.923999786	9.838000298	9.758000374	9.682999611	9.699000359	9.711999893	9.723999977
Costa Rica	CRI																																4.659999847	3.368000031	3.519999981	3.381999969	4.592999935	5.261000156	4.907999992	4.230000019	4.880000114	4.324999809	5.140999794	5.577000141	5.80700016	5.403999805	5.032000065	4.263999939	3.190999985	4.138000011	6.580999851	7.679999828	8.562999725	8.652000427	7.816999912	7.513000011	7.605000019	7.462999821	6.813000202	6.698999882
Caribbean small states	CSS																																13.40127114	13.36223254	13.64063988	12.13487402	12.55526693	11.772498	11.63279182	10.6831575	11.03663816	10.75090045	9.989005612	9.911512592	8.641992682	8.374668623	8.252098506	7.106792909	6.695472962	7.075613907	8.308914804	8.884531186	8.684572794	9.852446021	9.603963145	8.702742274	8.651279467	8.648882244	8.5803737	8.473400528
Cuba	CUB																																6.203999996	6.197000027	6.212999821	5.822000027	5.666999817	5.027999878	4.868999958	4.520999908	4.396999836	3.890000105	3.161999941	2.584000111	1.730000019	1.651000023	1.800999999	1.712000012	1.741000056	1.345000029	1.470999956	2.369999886	2.97300005	3.364000082	3.128000021	2.427999973	2.285000086	2.380000114	2.394999981	2.394999981
Curacao	CUW																																																											
Cayman Islands	CYM																																																											
Cyprus	CYP																																2.878000021	2	3.211999893	2.660000086	2.720000029	4.109000206	4.125999928	3.868999958	4.257999897	3.262000084	2.671000004	2.638999939	3.77699995	3.500999928	4.422999859	3.859999895	3.380000114	3.177999973	5.28000021	6.124000072	8.074000359	12.43200016	16.49799919	16.9829998	15.03600025	12.63399982	10.86299992	9.956999779
Czech Republic	CZE																																2.434000015	2.928999901	3.421999931	3.582999945	3.395999908	3.286999941	3.592999935	4.583000183	7.175000191	7.334000111	6.690999985	5.796000004	5.850999832	7.06099987	6.453999996	5.809999943	4.218999863	3.457000017	5.84499979	6.380000114	5.800000191	6.021999836	5.897999763	5.103000164	4.236000061	3.378000021	2.338999987	1.659999967
Germany	DEU																																4.431000233	4.914000034	6.467999935	7.544000149	7.054999828	8.239999771	9.307999611	9.291999817	8.562999725	7.644000053	7.765999794	8.69699955	10.18099976	11.25199986	11.39400005	10.31299973	8.546999931	7.415999889	8.098999977	7.366000175	6.026000023	5.550000191	5.497000217	5.28000021	4.967000008	4.449999809	4.126999855	4.085000038
Djibouti	DJI																																6.248000145	6.205999851	6.181000233	6.140999794	6.118999958	6.092000008	6.072000027	6.053999901	6.020999908	5.993000031	5.956999779	5.90500021	5.852000237	5.804999828	5.765999794	5.728000164	5.703000069	5.677000046	5.664999962	5.610000134	5.539999962	5.488999844	5.421999931	5.353000164	5.290999889	5.241000175	5.191999912	5.150000095
Dominica	DMA																																																											
Denmark	DNK																																8.298000336	8.293999672	10.40100002	7.21999979	5.614999771	5.541999817	4.526000023	3.85800004	4.488999844	4.046999931	3.619999886	4.232999802	5.093999863	4.994999886	4.438000202	3.335999966	3.447999954	3.167000055	6.631999969	8.354999542	7.664000034	7.511000156	6.751999855	6.381999969	5.925000191	5.768000126	5.565000057	5.199999809
Dominican Republic	DOM																																5.597000122	4.953999996	5.053999901	5.347000122	5.106999874	5.052000046	4.837999821	4.934999943	4.954999924	5.011000156	5.142000198	4.985000134	5.284999847	5.096000195	4.657000065	3.621999979	3.572999954	3.046000004	3.854000092	3.782000065	4.250999928	4.710000038	4.788000107	4.296000004	3.796999931	3.739000082	3.743999958	3.739000082
Algeria	DZA																																22.46500015	24.24699974	25.99799919	27.40699959	31.35000038	28.07600021	24.89699936	26.07500076	27.57600021	28.91500092	26.43799973	25.3010006	23.43300056	17.55500031	13.56499958	10.89999962	12.25	10.06499958	8.562999725	8.105999947	8.847999573	9.569999695	8.284999847	9.144000053	9.968000412	8.336000443	8.328000069	8.312000275
East Asia & Pacific (excluding high income)	EAP																																4.568852147	4.177402312	4.148016565	4.15688425	4.34795901	4.359784366	4.518644509	4.77721311	4.841677936	4.650932989	4.620525725	4.531708793	4.410827531	4.434958234	4.403602702	4.301508347	4.147060942	4.579012974	4.44392657	4.267672676	4.317187453	4.326544668	4.391803986	4.409673678	4.462310373	4.428898635	4.379580923	4.363421763
Early-demographic dividend	EAR																																4.510214008	4.481808115	4.598141762	4.62732624	4.875332105	4.906298132	5.02917295	5.178222703	5.365872229	5.545485272	5.640498598	5.855206892	5.641089027	5.43754325	5.397527221	5.013338616	4.861235811	4.910436459	4.896912502	4.507087487	4.433742735	4.463482853	4.407598185	4.334032708	4.436437274	4.478905361	4.470252578	4.462678589
East Asia & Pacific	EAS																																4.362486099	4.040582123	4.047552045	4.061216447	4.230624663	4.268875714	4.417118213	4.81706258	4.907736584	4.682369707	4.688457573	4.622734673	4.50342396	4.475106707	4.414928479	4.296115794	4.122425278	4.517545068	4.523247781	4.352326836	4.340653459	4.329154726	4.373864489	4.365048405	4.400996036	4.360334242	4.294043981	4.257038716
Europe & Central Asia (excluding high income)	ECA																																7.141567281	6.820040263	7.082469233	8.300479913	8.776573552	9.266079974	10.15145546	11.09030312	11.42475812	10.10738912	9.756685062	9.558774684	9.566348227	9.224692275	8.601854835	8.389222817	7.742067309	7.736591927	9.658877804	8.894561694	8.176652494	7.531726953	7.500042346	7.744352279	7.733503324	7.655345215	7.44368659	7.296510669
Europe & Central Asia	ECS																																7.281507386	7.589534635	8.547430317	9.402578577	9.22887423	9.485278128	9.694906437	9.761114188	9.788797285	8.924774987	8.469164475	8.650331385	8.834898426	8.773184673	8.360778845	7.825381686	7.005328895	7.014781695	9.200081246	9.202299951	8.844780233	9.039845119	9.245098055	8.997070748	8.550581808	8.032327284	7.429916923	7.017268366
Ecuador	ECU																																4.177999973	6.184999943	6.337999821	5.81799984	5.605000019	8.06499958	6.984000206	8.520000458	10.94999981	6.293000221	6.867000103	5.842000008	8.996999741	6.571000099	5.639999866	5.394000053	5	5.729000092	5.193999767	3.535000086	2.943000078	2.855000019	2.710000038	3.069999933	3.02699995	3.726999998	3.075999975	3.237999916
"Egypt, Arab Rep."	EGY																																5.979000092	5.597000122	6.778999805	6.816999912	7.172999859	5.743000031	5.369999886	4.863999844	4.874000072	5.406000137	5.465000153	6.142000198	6.801000118	6.429999828	7.063000202	6.448999882	5.579999924	5.081999779	4.668000221	7.691999912	8.619999886	9.026000023	9.531000137	9.369999886	9.130999565	8.62899971	8.30700016	8.057999611
Euro area	EMU																																6.840832093	7.361648162	9.118910226	10.17141763	9.640983373	9.985314349	10.00962106	9.494162922	8.812186903	7.915114554	7.16951861	7.565413481	8.051304507	8.359985178	8.117842061	7.39340868	6.582354995	6.817365545	9.359828139	9.914795811	9.90815787	11.15744782	11.82764336	11.4561327	10.68164231	9.730570647	8.733670465	8.011652277
Eritrea	ERI																																6.247000217	6.254000187	6.208000183	6.242000103	6.294000149	6.379000187	6.40199995	6.453999996	6.517000198	6.556000233	6.598999977	6.55700016	6.572000027	6.572000027	6.519000053	6.499000072	6.453999996	6.433000088	6.359000206	6.324999809	6.250999928	6.206999779	6.175000191	6.129000187	6.105000019	6.013000011	5.93200016	5.850999832
Spain	ESP																																11.97500038	13.49100018	18.40200043	19.81500053	17.87400055	17.58099937	16.12100029	13.66600037	10.79399967	9.501000404	7.361000061	7.874000072	8.279000282	8.338999748	7.136000156	6.354000092	6.410999775	10.05099964	17.64500046	19.5720005	21.04500008	24.58600044	25.60099983	23.60000038	20.77899933	18.12199974	15.65799999	13.25699997
Estonia	EST																																1.417999983	3.878999949	6.454999924	7.227000237	10.39099979	10.5539999	11.14799976	10.43200016	12.89500046	15.01500034	13.03299999	11.31200027	12.14099979	11.625	9.140999794	6.223999977	5.375999928	5.750999928	16.65699959	19.26099968	13.05900002	10.90699959	9.085000038	7.856999874	6.243999958	7.414000034	6.191999912	6.012000084
Ethiopia	ETH																																1.774000049	1.77699995	1.761000037	1.774999976	2.394999981	3.00999999	3.667000055	4.316999912	4.921000004	4.559000015	4.211999893	3.872999907	3.522000074	3.138999939	2.75999999	2.799000025	2.835000038	2.872999907	2.913000107	2.953000069	2.993999958	3.042999983	2.996999979	2.990999937	2.982000113	3.049999952	3.101999998	3.153000116
European Union	EUU																																7.772316789	8.538031916	9.960604234	10.45626082	9.722928872	9.706163943	9.333708763	8.788568223	8.650557549	8.235288292	7.774970765	8.255369884	8.434751207	8.6198457	8.298271564	7.551385891	6.569539623	6.550388818	8.911656818	9.534549707	9.514305038	10.36357457	10.77642215	10.11203658	9.299191834	8.372274836	7.423279462	6.780455561
Fragile and conflict affected situations	FCS																																6.627033647	6.466021096	6.604701367	6.599306832	6.258677446	6.511745383	6.586825702	6.534409559	6.573190447	6.715522211	6.920278086	6.766792789	6.674281019	6.771448446	6.656294067	6.714705698	6.687216352	6.878435945	6.485443359	6.544455531	6.701725833	6.63164678	6.706124098	6.840168248	6.880680186	6.864720074	6.904760133	6.886203829
Finland	FIN																																7.813000202	13.31900024	17.77700043	17.80500031	17.76799965	15.58399963	14.78100014	12.87899971	11.00199986	10.35000038	9.861000061	10.65400028	10.95699978	10.16300011	8.168000221	7.382999897	6.537000179	6.072000027	8.890000343	9.086000443	8.406999588	8.281000137	8.815999985	9.326000214	9.881999969	9.041000366	8.87100029	8.477999687
Fiji	FJI																																4.785999775	4.330999851	4.763999939	4.627999783	4.387000084	4.782999992	5.063000202	5.446000099	5.875999928	6.122000217	6.43900013	6.717999935	6.607999802	3.772000074	3.701999903	5.303999901	6.842999935	7.15500021	6.993000031	7.157000065	7.258999825	7.254000187	6.116000175	4.934999943	4.889999866	5.007999897	5.059000015	5.005000114
France	FRA																																7.197000027	8.13599968	9.647999763	11.05599976	10.02000046	10.6239996	11.04599953	10.38000011	10.37899971	8.56400013	7.022999763	7.78399992	7.605000019	8.088000298	7.818999767	7.873000145	7.28000021	6.725999832	8.684000015	8.69299984	8.534999847	9.437000275	10.0369997	10.53899956	10.79100037	10.24800014	9.451999664	8.864999771
Faroe Islands	FRO																																																											
"Micronesia, Fed. Sts."	FSM																																																											
Gabon	GAB																																18.98999977	18.56699944	18.94400024	18.49500084	18.11599922	17.58600044	17.22999954	16.62899971	15.78600025	15.36200047	15.04599953	14.45100021	14.00199986	13.45600033	12.85599995	13.14799976	13.80500031	13.89900017	14.04699993	14.71800041	14.67199993	14.50699997	14.44099998	14.30700016	14.19799995	14.08199978	13.95199966	13.81599998
United Kingdom	GBR																																9.428999901	11.59799957	12.39400005	11.4289999	10.09599972	9.68200016	8.093000412	6.888000011	6.774000168	6.138000011	5.18599987	5.610000134	5.43200016	4.931000233	5.138999939	5.690000057	5.517000198	6.065000057	8.489999771	8.565999985	8.640000343	8.319999695	7.952000141	6.361000061	5.453000069	4.927000046	4.433000088	4.09499979
Georgia	GEO																																11.41300011	10.60000038	10.55700016	11.17300034	11.45899963	14.87100029	15.44400024	15.26799965	15.28800011	11.09700012	11.62100029	13.98700047	11.48200035	13.38199997	14.81400013	15.24400043	13.89900017	16.77799988	18.06299973	17.89500046	16.69799995	16.09600067	16.46199989	13.96800041	13.44499969	14.20899963	13.75199986	13.62199974
Ghana	GHA																																4.291999817	4.281000137	4.840000153	5.393000126	5.93900013	6.488999844	7.038000107	7.474999905	9.211000443	10.08600044	8.947999954	7.811999798	6.677000046	5.545000076	4.414999962	3.296999931	3.726000071	4.138000011	4.574999809	4.934999943	4.146999836	3.359999895	1.983999968	1.988000035	1.978999972	2.078999996	2.164999962	2.23300004
Gibraltar	GIB																																																											
Guinea	GIN																																5.540999889	5.539000034	5.532999992	5.539999962	5.537000179	5.543000221	5.543000221	5.553999901	5.554999828	5.56400013	5.559000015	5.552999973	5.573999882	5.571000099	5.565999985	5.571000099	5.545000076	5.558000088	5.574999809	5.552999973	5.544000149	5.539000034	5.546999931	5.544000149	5.540999889	5.513999939	5.484000206	5.467999935
"Gambia, The"	GMB																																6.748000145	6.797999859	6.775000095	6.802999973	6.777999878	6.791999817	6.81799984	6.803999901	6.822000027	6.842000008	6.842999935	6.886000156	6.835999966	6.835000038	6.881000042	6.868999958	6.852000237	6.837999821	6.831999779	6.833000183	6.883999825	6.843999863	6.847000122	6.867000103	6.84100008	6.854000092	6.861000061	6.860000134
Guinea-Bissau	GNB																																5.909999847	5.946000099	5.967000008	5.977000237	5.980000019	6.002999783	6.008999825	6.050000191	5.997000217	6.046999931	6.024000168	6.019999981	5.993000031	5.960000038	5.927999973	5.920000076	5.894999981	5.872000217	5.846000195	5.815000057	5.782000065	5.801000118	5.756000042	5.739999771	5.696000099	5.636000156	5.583000183	5.534999847
Equatorial Guinea	GNQ																																5.328000069	5.176000118	5.269000053	5.229000092	5.171000004	5.118000031	5.142000198	5.289999962	5.287000179	5.15500021	5.210999966	5.343999863	5.356999874	5.281000137	5.34800005	5.347000122	5.282999992	5.245999813	5.277999878	5.267000198	5.184000015	5.157999992	5.18599987	5.138000011	5.133999825	5.914999962	6.691999912	7.425000191
Greece	GRC																																4.81400013	4.97300005	5.736999989	6.080999851	6.281000137	6.118999958	6.328999996	7.162000179	7.748000145	7.502999783	6.965000153	6.46999979	6.065999985	6.449999809	6.25	5.715000153	5.262000084	5.146999836	6.992000103	10.05799961	15.15200043	21.58200073	24.5170002	23.6420002	21.77000046	19.90800095	17.85199928	17.4090004
Grenada	GRD																																																											
Greenland	GRL																																																											
Guatemala	GTM																																2.52699995	2.338000059	2.253999949	2.121000051	1.965999961	1.876000047	1.710999966	1.562000036	1.491000056	1.11500001	1.023000002	2.46600008	2.684999943	2.476000071	1.925999999	1.406000018	1.93599999	2.174000025	2.407999992	3.423000097	2.861999989	2.437000036	2.85800004	2.512000084	2.075999975	2.256999969	2.177999973	2.121999979
Guam	GUM																																3.328000069	3.631000042	5.229000092	7.18599987	7.46999979	7.828999996	9.144000053	7.318999767	13.19099998	14.48600006	12.29300022	12.64500046	10.15699959	7.65899992	6.46600008	7.27699995	7.152999878	8.020999908	8.888999939	7.377999783	11.43299961	12.67599964	10.8739996	7.18599987	6.524000168	5.105999947	5.347000122	5.835999966
Guyana	GUY																																10.91600037	10.29199982	9.93599987	9.708999634	10.39999962	9.56799984	9.831000328	11.66699982	10.24600029	11.16600037	10.10400009	10.27299976	10.64000034	9.998000145	10.875	9.085000038	8.637999535	9.772999763	9.427000046	9.164999962	8.994000435	9.232000351	9.237000465	9.640000343	9.854000092	9.809000015	10.09000015	9.989999771
High income	HIC																																6.347229536	6.954392828	7.511431734	7.498585953	7.170782017	7.176896505	6.817005021	6.730978528	6.69426399	6.315446538	6.539611066	7.16918874	7.150615441	6.854112479	6.445989549	5.864670962	5.341107943	5.684669235	8.11939156	8.275411973	7.753384994	7.691523681	7.639768601	6.994791096	6.402616707	5.997075576	5.423542464	5.019902304
"Hong Kong SAR, China"	HKG																																1.927000046	2.000999928	1.970999956	2.020999908	3.397000074	3.114000082	2.315000057	4.953000069	7.059999943	5.565999985	5.998000145	8.343999863	9.161999702	7.684999943	6.526000023	5.635000229	4.547999859	4.061999798	6.079999924	5.011000156	3.984999895	3.792000055	3.773000002	3.565999985	3.436000109	3.671000004	3.394000053	3.153000116
Honduras	HND																																4.165999889	3.125	3.130000114	3.134000063	3.161000013	4.346000195	3.319999933	3.839999914	3.881000042	3.901000023	3.959000111	3.627000093	4.677000046	4.850999832	4.170000076	3.145999908	2.650000095	2.795000076	2.76699996	3.400000095	3.480000019	3.036999941	3.546000004	4.644000053	3.499000072	4.150000095	3.993999958	3.913000107
Heavily indebted poor countries (HIPC)	HPC																																5.487077283	5.372468616	5.501957718	5.441907437	5.320908094	5.58482052	5.56761064	5.690107222	5.857010901	5.919546448	5.819366851	5.522099741	5.404173238	5.315418334	5.089893062	5.072474082	5.03139111	5.007274523	4.935125846	5.011735962	4.851620148	4.618294623	4.493603858	4.507369095	4.532478671	4.553679437	4.574102422	4.585026878
Croatia	HRV																																11.11900043	10.83300018	10.72299957	11.67000008	10.65499973	9.545000076	9.524000168	10.58899975	12.60700035	15.04300022	14.14999962	13.20699978	12.52799988	12.33500004	11.56299973	9.817000389	8.75	7.035999775	7.914999962	11.03600025	13.64400005	15.88899994	17.66799927	16.44400024	15.55200005	12.50699997	10.61100006	8.61400032
Haiti	HTI																																6.561999798	6.781000137	6.81099987	6.873000145	5.979000092	6.169000149	6.252999783	6.278999805	6.232999802	7.446000099	8.772999763	9.862000465	10.95300007	12.56400013	13.01599979	14.00399971	14.56200027	14.38799953	13.43500042	13.97099972	11.97299957	12.31000042	12.06299973	12.14700031	12.26799965	12.26099968	12.26799965	12.12800026
Hungary	HUN																																10.55599976	10.96199989	13.52000046	12.05599976	11.31000042	10.79300022	9.862000465	9.595000267	7.5	7.184000015	6.31099987	6.045000076	6.124000072	5.80700016	6.989999771	7.139999866	7.138000011	7.664999962	10.27600002	11.6079998	11.0710001	11.33699989	10.21199989	7.573999882	6.618000031	5.114999771	3.812000036	3.335000038
IBRD only	IBD																																5.288323239	5.053245574	5.099341037	5.254644415	5.536221348	5.573411349	5.728140367	6.006549599	6.212222416	6.122129603	6.053562537	6.05097436	5.851323359	5.670444084	5.54217015	5.264441427	4.985815476	5.169961076	5.262655597	5.05246021	4.966794442	5.002443371	4.947413057	4.949026227	5.049523439	5.18261928	5.203769613	5.130419786
IDA & IBRD total	IBT																																5.186075512	4.975798228	5.007000699	5.137221621	5.374185028	5.434836986	5.578643304	5.824177507	6.002595832	5.960049929	5.91336541	5.900569181	5.754094437	5.575362862	5.439791536	5.154588253	4.912312095	5.071028676	5.167515208	4.877162649	4.816665114	4.847440846	4.824249004	4.809668664	4.913493135	5.07379688	5.0946778	5.040401924
IDA total	IDA																																4.673577148	4.591248767	4.552116899	4.565267719	4.594343056	4.774102487	4.873455149	4.972634428	5.032832918	5.218567669	5.279518524	5.227992282	5.324094975	5.158343458	4.995410321	4.684098519	4.60059795	4.65569563	4.772894515	4.156360407	4.206946124	4.226961055	4.3385181	4.267358233	4.392994598	4.664793055	4.691338666	4.713382458
IDA blend	IDB																																5.488245683	5.274074727	4.808373497	4.83825005	4.96400795	5.192285286	5.273607922	5.296038137	5.379536131	5.842917989	6.067208842	6.047450523	6.246653325	5.93887216	6.004133101	5.356203	4.852076419	4.738124961	5.039485132	3.330792582	3.385423325	3.745731548	4.164877425	3.97964033	4.354712195	5.222414706	5.260484591	5.278296602
Indonesia	IDN																																2.381999969	2.645999908	2.822000027	2.989000082	3.157000065	3.319999933	4.34800005	5.052000046	5.967000008	5.690999985	5.177999973	5.690000057	5.433000088	5.81099987	6.56099987	6.548999786	6.952000141	6.664999962	5.747000217	5.129000187	4.895999908	4.27699995	4.381000042	4.151000023	4.561999798	4.382999897	4.343999863	4.451000214
IDA only	IDX																																4.286464525	4.267895994	4.432061307	4.437606705	4.422230448	4.579579617	4.687418884	4.822766199	4.872005181	4.928223474	4.913628263	4.847284678	4.894791442	4.795485097	4.525150291	4.369389891	4.483059869	4.617235897	4.648202812	4.536907674	4.585633842	4.449448641	4.419006894	4.400512017	4.410834016	4.402472083	4.424567249	4.449711762
Isle of Man	IMN																																																											
India	IND																																3.785000086	3.631000042	3.671000004	3.549000025	3.612999916	3.726999998	4.046999931	4.03000021	4.006999969	4.355999947	4.311999798	4.40199995	4.164999962	4.188000202	4.142000198	3.976999998	3.789999962	3.934999943	3.490999937	3.25999999	3.273999929	3.430000067	3.234999895	3.190999985	3.263999939	3.290999889	3.316999912	3.329999924
Not classified	INX																																																											
Ireland	IRL																																15.34700012	14.87800026	15.44999981	14.50399971	11.94099998	11.68299961	10.22299957	7.93200016	5.921999931	4.349999905	3.77699995	4.556000233	4.820000172	4.960999966	4.589000225	4.563000202	4.975999832	7.52699995	14.99100018	17.0340004	17.69300079	17.61700058	14.90699959	12.76799965	10.78299999	9.00399971	7.274000168	6.778999805
"Iran, Islamic Rep."	IRN																																9.51099968	9.454999924	9.239999771	9.06799984	8.788999557	8.498000145	9.345000267	10	10.74800014	11.27000046	12.10299969	10.91699982	9.906000137	8.913999557	10.56099987	9.991000175	9.335000038	9.118000031	10.83500004	11.91899967	10.46000004	10.57499981	8.56499958	8.781999588	9.265999794	10.46399975	10.65699959	10.59500027
Iraq	IRQ																																10.52900028	9.348999977	9.116000175	10.04100037	10.29699993	9.027999878	9.288000107	8.92800045	8.99600029	9.546999931	9.470999718	9.368000031	8.234000206	8.166000366	8.895000458	8.81499958	8.913000107	8.477999687	8.23900032	7.827000141	7.452000141	6.960999966	7.052999973	7.18900013	7.089000225	6.919000149	7.231999874	7.337999821
Iceland	ISL																																2.263000011	3.796999931	4.961999893	5.143000126	5.452000141	3.730000019	3.637000084	2.434000015	1.639999986	1.320000052	1.55400002	3.289999962	4.022999763	5.157999992	2.601999998	2.634000063	2.236000061	3.263000011	8.572999954	8.295999527	7.763999939	6.309000015	5.651000023	4.999000072	3.913000107	2.91899991	2.763999939	2.849999905
Israel	ISR																																11.34899998	11.96899986	11.25	8.178999901	7.328000069	7.531000137	8.876000404	10.3920002	10.89599991	11.04599953	11.64799976	13.01200008	13.25399971	12.40799999	11.09700012	10.42599964	9.012999535	7.566999912	9.836999893	8.93999958	7.302000046	6.751999855	6.18200016	5.866000175	5.127999783	4.672999859	4.125999928	3.72300005
Italy	ITA																																6.815999985	6.731999874	7.631000042	8.656999588	9.072999954	9.286999702	9.364999771	9.43599987	8.845000267	8.321000099	7.40500021	7.019999981	6.872000217	6.285999775	6.178999901	5.431000233	4.888000011	5.5	6.730000019	7.501999855	7.527999878	9.803999901	11.48400021	11.86299992	11.32800007	10.89999962	10.34799957	9.767000198
Jamaica	JAM																																12.17500019	11.88799953	12.48999977	9.911000252	12.38199997	12.21500015	12.48700047	10.56799984	12.03600025	11.85200024	11.40400028	10.94499969	7.861000061	8.512000084	8.305999756	7.352000237	7.116000175	7.869999886	8.793999672	9.595000267	9.843999863	12.2489996	12.27200031	10.35400009	10.12300014	10.2869997	9.680999756	9.501999855
Jordan	JOR																																17.69499969	17.89500046	17.40999985	16.03899956	12.85599995	12.05799961	11.98900032	11.86999989	11.79199982	12.02000046	12.80300045	13.27700043	12.57699966	12.6260004	12.95300007	12.12300014	10.97399998	10.52000046	10.73700047	10.46000004	10.95899963	10.27999973	10.57199955	10.01399994	11.04100037	13.05900002	12.75899982	12.40999985
Japan	JPN																																2.005000114	2.102999926	2.413000107	2.834000111	3.101999998	3.354000092	3.354000092	4.175000191	4.824999809	4.895999908	5.238999844	5.539999962	5.465000153	4.914000034	4.559000015	4.30700016	3.936000109	4.083000183	5.28000021	5.415999889	4.839000225	4.56799984	4.293000221	3.746000051	3.561000109	3.349999905	2.960000038	2.555999994
Kazakhstan	KAZ																																1.003000021	0.931999981	0.925999999	6.289999962	9.159999847	10.81200027	10.99499989	11.07900047	11.38399982	10.78299999	8.876000404	7.525000095	7.222000122	7.028999805	6.771999836	6.488999844	6.046999931	5.340000153	5.59499979	4.938000202	4.603000164	4.144000053	4.565999985	4.215000153	4.106999874	4.131999969	4.081999779	4.223999977
Kenya	KEN																																7.120999813	7.096000195	7.059000015	7.011000156	6.960999966	6.940999985	6.934999943	6.912000179	6.892000198	7.021999836	7.129000187	7.255000114	7.353000164	7.440999985	7.518000126	7.606999874	7.695000172	7.811999798	8.657999992	8.555000305	8.468000412	8.364999771	8.244000435	8.144000053	8.055999756	7.938000202	7.875999928	7.821000099
Kyrgyz Republic	KGZ																																4.922999859	4.336999893	4.339000225	4.649000168	4.822999954	6.271999836	6.619999886	6.618999958	6.907999992	6.722000122	6.999000072	11.2130003	9.031999588	7.979000092	7.418000221	7.714000225	7.498000145	7.458000183	7.421000004	7.710000038	7.577000141	7.68900013	7.431000233	7.02699995	6.539000034	6.177999973	6.252999783	6.322999954
Cambodia	KHM																																0.925000012	0.896000028	0.880999982	0.903999984	0.893999994	0.885999978	3.147000074	4.68599987	3.99000001	2.592000008	1.947000027	2.165999889	2.256000042	2.552999973	2.178999901	1.787999988	0.947000027	0.477999985	0.206	0.430999994	0.216000006	0.172999993	0.324000001	0.194999993	0.193000004	0.213	0.231000006	0.25
Kiribati	KIR																																																											
St. Kitts and Nevis	KNA																																																											
"Korea, Rep."	KOR																																2.684999943	2.752000093	3.282999992	2.838000059	2.308000088	2.357000113	2.819999933	7.808000088	7.170000076	4.947999954	4.478000164	3.644999981	3.744999886	3.88499999	3.970999956	3.811000109	3.648000002	3.546000004	4.072000027	3.982000113	3.611000061	3.392999887	3.305000067	3.559000015	3.680000067	3.785000086	3.842999935	3.844000101
Kuwait	KWT																																0.912	0.799000025	0.786000013	0.688000023	2.351999998	0.688000023	0.51700002	0.51700002	0.51700002	0.591000021	0.591000021	0.778999984	0.921000004	1.203999996	1.998999953	0.76700002	0.958000004	1.057999969	1.011999965	1.429999948	2.549999952	2.474999905	2.404999971	2.000999928	1.251000047	1.291000009	1.271999955	1.248999953
Latin America & Caribbean (excluding high income)	LAC																																5.052068845	5.305621555	5.087956758	5.141386921	5.810697703	6.121900333	5.87932655	6.535330118	7.348003728	7.165918792	6.508910444	6.761949086	6.822391875	6.278546288	6.157648866	5.694378553	5.382114417	5.269799214	6.001331588	5.558370237	5.213923944	5.394056096	5.339748711	5.164166607	5.590182911	6.696779084	7.18195142	6.767297827
Lao PDR	LAO																																2.736000061	2.752000093	2.734999895	2.746999979	2.726000071	2.562000036	2.40199995	2.226000071	2.072999954	1.937999964	1.769999981	1.631000042	1.478000045	1.337000012	1.440000057	1.29400003	1.136000037	0.981000006	0.823000014	0.765999973	0.757000029	0.745000005	0.735000014	0.720000029	0.70599997	0.717999995	0.728999972	0.74000001
Lebanon	LBN																																7.744999886	7.979000092	7.920000076	7.866000175	7.848999977	7.842999935	7.709000111	7.769000053	7.826000214	7.750999928	7.596000195	7.535999775	7.517000198	7.383999825	7.698999882	8.010000229	8.637999535	6.876999855	5.090000153	5.097000122	5.260000229	5.263999939	5.303999901	5.335999966	5.363999844	5.328999996	5.429999828	5.512000084
Liberia	LBR																																7.019999981	7.076000214	7.086999893	7.084000111	7.005000114	6.901000023	6.695000172	6.777999878	6.829999924	6.765999794	6.914000034	6.90199995	7.085999966	6.916999817	6.902999878	6.883999825	6.849999905	5.688000202	4.526000023	2.239000082	2.233999968	2.230999947	2.227999926	2.255000114	2.256999969	2.349999905	2.417000055	2.469000101
Libya	LBY																																17.57699966	17.19199944	17.1439991	17.45400047	16.63299942	17.50200081	17.3239994	17.30999947	17.3029995	17.40699959	17.05200005	17.0189991	17.68899918	17.09700012	17.37199974	16.95499992	16.82999992	16.52099991	16.10899925	16.30200005	14.45100021	15.98400021	15.82499981	15.68900013	15.58600044	15.74400043	14.60200024	12.63799953
St. Lucia	LCA																																15.77299976	14.76299953	15.32800007	15.0340004	14.39500046	14.41399956	18.08600044	19.09300041	15.99400043	14.57800007	13.36100006	19.05400085	17.25600052	17.43499947	16.4279995	14.0369997	12.31700039	11.20400047	13.5880003	18.32500076	16.77199936	16.98699951	19.81999969	20.23500061	21.5170002	19.72800064	19.41900063	18.80699921
Latin America & Caribbean	LCN																																5.250477516	5.498956967	5.478409799	5.679462621	6.674739095	6.917684018	6.483436629	6.964110206	7.887522148	7.773261143	7.445952419	7.850227206	7.434957239	6.785117209	6.515787003	5.959345228	5.535745036	5.428219281	6.253631951	5.750088448	5.367835844	5.484431908	5.429652139	5.320221497	5.678566516	6.777107843	7.193520502	6.803115586
Least developed countries: UN classification	LDC																																4.523874391	4.494853353	4.637073425	4.661483541	4.66609911	4.769820288	4.892558301	5.017170782	5.038063742	5.063211397	5.078602536	4.952178855	5.096719206	5.058554561	4.781457658	4.639234362	4.719362538	4.722204465	4.747052101	4.54340492	4.475912118	4.379865419	4.393151791	4.387404516	4.420713492	4.419193181	4.451505777	4.487893784
Low income	LIC																																5.262087071	5.189869061	5.302521822	5.196042551	5.163276886	5.244560241	5.354384074	5.397137148	5.421492482	5.433853816	5.455349541	5.206973214	5.168367721	5.161345717	4.979052516	5.072620089	5.082890364	5.209881789	4.9789411	5.096565103	5.2357169	5.103668714	5.042496934	5.025718303	5.067115975	5.073580968	5.06830342	5.058689216
Liechtenstein	LIE																																																											
Sri Lanka	LKA																																10.23099995	10.05799961	9.397000313	8.963999748	8.411000252	7.842999935	7.631000042	6.534999847	6.587999821	5.811999798	5.899000168	6.502999783	6.048999786	6.210999966	5.578999996	4.794000149	4.389999866	3.71600008	4.395999908	3.565000057	2.729000092	2.782999992	3.16899991	2.924000025	3.131999969	2.967000008	2.763000011	2.813999891
Lower middle income	LMC																																4.300512497	4.193270772	4.218739036	4.209910113	4.332891115	4.39095193	4.699391952	4.805985648	4.868327871	5.077355627	5.015624707	5.095077191	4.990063138	4.910396837	4.919130165	4.659784818	4.50593638	4.515851524	4.338471769	3.909707688	3.868453585	3.90813203	3.897997132	3.861075003	3.956382878	4.058483515	4.056580284	4.057838274
Low & middle income	LMY																																5.149584319	4.931020929	4.939286026	5.044874995	5.255141968	5.314529928	5.493717671	5.753183925	5.885722802	5.815372792	5.731314421	5.68928452	5.58949266	5.430021475	5.32146545	5.074265885	4.87020284	5.05011085	5.121947129	4.830316248	4.777066997	4.809813239	4.784514919	4.773333064	4.886515301	5.046670691	5.077589363	5.028428694
Lesotho	LSO																																29.88400078	25.8939991	32.59600067	30.66399956	36.58300018	29.29199982	33.61399841	39.95000076	21.43499947	17.03899956	23.42200089	31.28700066	26.21500015	35.88100052	34.90299988	32.07300186	31.95700073	32.91699982	32.23199844	22.3579998	25.75099945	20.17000008	22.25099945	22.43099976	24.72299957	25.58699989	24.75600052	26.19400024
Late-demographic dividend	LTE																																5.618124826	5.243797749	5.209326785	5.425807646	5.725344074	5.745554571	5.903732118	6.245440864	6.430281014	6.128988673	5.944604501	5.776515129	5.702868829	5.542396172	5.319950938	5.086760157	4.71834327	5.057538584	5.31705269	5.099151933	5.064065957	5.136689806	5.158022599	5.11919088	5.252576625	5.469374929	5.525616049	5.407600501
Lithuania	LTU																																19.5529995	18.69099998	19.21199989	18.94099998	19.17099953	17.92499924	14.30500031	15.38099957	14.65499973	18.20499992	19.49799919	13.22500038	12.54699993	10.31299973	8.119000435	5.947999954	4.171000004	6.022999763	17.09799957	21.18600082	17.90999985	15.19699955	13.06400013	12.18599987	10.09899998	9.100000381	8.496999741	8.277000427
Luxembourg	LUX																																1.128000021	1.582999945	1.871000051	3	2.092999935	2.486000061	1.855000019	1.909999967	1.782999992	1.824000001	1.557000041	1.934000015	2.963000059	3.680000067	3.506000042	3.561000109	3.563999891	4.316999912	4.355000019	3.795000076	3.838000059	4.528999805	5.426000118	5.915999889	6.109000206	6.011000156	5.528999805	5.277999878
Latvia	LVA																																19.55599976	18.70100021	19.9470005	22.53199959	20.48699951	21.09799957	15.00699997	15.35900021	14.18099976	14.98900032	15.11600018	14.85200024	12.09899998	11.17599964	10.0880003	7.30700016	6.505000114	8.378000259	20.875	22.71999931	18.61700058	16.15299988	12.59899998	11.84599972	11.08399963	10.8920002	9.751999855	9.583000183
"Macao SAR, China"	MAC																																3.35800004	2.117000103	2.36500001	2.815999985	4.098999977	4.870999813	3.463999987	5.276000023	7.732999802	8.630999565	7.947999954	7.730999947	7.268000126	5.605000019	4.467000008	3.70600009	3.385999918	3.22300005	4.274000168	3.546000004	2.927999973	2.267999887	2.226999998	1.932000041	2.015000105	2.298000097	2.463999987	2.378999949
St. Martin (French part)	MAF																																																											
Morocco	MAR																																16.99900055	15.73200035	15.64099979	19.11400032	22.54299927	17.8010006	16.63599968	17.65399933	14.14099979	13.65499973	12.39500046	11.23499966	11.52700043	10.63399982	10.79699993	9.690999985	9.534000397	9.491000175	8.930999756	8.81000042	8.42800045	8.652000427	9.119000435	9.531000137	9.413000107	9.213000298	9.076999664	9.038000107
Monaco	MCO																																																											
Moldova	MDA																																9.902000427	9.380000114	9.42800045	9.156000137	9.840999603	12.94799995	13.20300007	13.22099972	13.47599983	10.45499992	9.001000404	8.123000145	9.571000099	10.06099987	8.619000435	8.925999641	6.163000107	4.524000168	7.788000107	9.045000076	7.683000088	6.794000149	5.984000206	4.578000069	4.436999798	5.433000088	5.837999821	5.723999977
Madagascar	MDG																																5.580999851	5.566999912	5.56400013	5.572000027	5.563000202	5.561999798	5.556000233	5.552000046	5.543000221	5.535999775	5.105999947	4.709000111	4.311999798	3.276000023	2.193000078	2.480999947	2.770999908	3.062999964	3.381000042	3.671000004	2.151000023	0.574999988	0.856999993	1.136999965	1.726999998	1.720000029	1.720999956	1.720000029
Maldives	MDV																																0.630999982	0.625999987	0.628000021	0.601000011	0.597000003	0.764999986	0.926999986	1.11500001	1.34800005	1.577999949	1.942000031	2.188999891	2.160000086	2.829999924	3.644999981	2.933000088	3.558000088	3.703999996	4.738999844	4.228000164	4.313000202	4.885000229	4.625	4.835999966	4.697999954	4.68599987	4.639999866	4.597000122
Middle East & North Africa	MEA																																10.69748173	10.74574925	11.1147952	11.41959758	11.98910128	10.80966892	10.48302917	10.69271179	10.6261951	11.01162581	10.97914131	10.72125304	10.26223546	9.174334512	9.181135316	8.432977697	8.073037735	7.688344724	7.578320873	8.321020115	8.451599268	8.465437703	8.027262037	8.086718308	8.114251034	8.089659217	8.043094818	7.927174357
Mexico	MEX																																2.540999889	2.687000036	2.884000063	3.980000019	6.061999798	4.472000122	3.006000042	2.890000105	1.968999982	2.203000069	2.16899991	2.542999983	2.621999979	3.104000092	3.372999907	3.394000053	3.440999985	3.805000067	5.380000114	5.397999763	5.211999893	4.923999786	4.910999775	4.808000088	4.260000229	3.846999884	3.313999891	3.267999887
Marshall Islands	MHL																																																											
Middle income	MIC																																5.141149382	4.911411681	4.911451074	5.033164431	5.262345875	5.320059101	5.504822665	5.781820328	5.923328667	5.846591913	5.754173064	5.729718515	5.625233321	5.45308382	5.351201076	5.074410936	4.85117707	5.035596159	5.135144214	4.805279984	4.7332614	4.781274575	4.759032225	4.747978846	4.868059687	5.043872305	5.078573774	5.025153656
"Macedonia, FYR"	MKD																																34.11700058	34.07799911	34.36000061	34.3429985	33.80699921	33.86199951	33.65499878	32.52999878	31.86300087	30.49799919	29.53899956	31.70400047	36.96099854	36.73600006	36.46500015	35.27700043	34.5340004	33.50699997	31.77899933	31.88100052	31.76199913	31.4640007	28.98399925	27.64699936	26.72500038	24.35099983	22.73699951	22.64900017
Mali	MLI																																2.72300005	2.744999886	2.744999886	2.75	2.755000114	2.75	2.756000042	3.470000029	4.169000149	4.893000126	5.563000202	6.296999931	6.968999863	7.78000021	8.473999977	9.170999527	10.39799976	9.630999565	8.855999947	6.150000095	6.09499979	6.256000042	6.416999817	6.485000134	7.18900013	7.250999928	7.328999996	7.407999992
Malta	MLT																																6.311999798	6.888000011	7.046000004	7.565999985	5.892000198	7.214000225	6.881000042	7.367000103	7.117000103	6.229000092	6.709000111	6.265999794	6.419000149	6.927000046	6.271999836	6.110000134	5.776000023	5.572000027	6.507999897	6.702000141	5.97300005	5.728000164	6.472000122	6.092000008	5.508999825	4.377999783	3.903000116	3.778000116
Myanmar	MMR																																0.765999973	0.777999997	0.768000007	0.768000007	0.769999981	0.765999973	0.762000024	0.75999999	0.76700002	0.764999986	0.758000016	0.754000008	0.749000013	0.741999984	0.736000001	0.726000011	0.717000008	0.694999993	0.690999985	0.68599999	0.683000028	0.683000028	0.683000028	0.680000007	0.676999986	0.691999972	0.702000022	0.708999991
Middle East & North Africa (excluding high income)	MNA																																11.39576399	11.34656658	11.87019666	12.3761513	13.21884864	11.86569971	11.46904339	11.70330716	11.64124061	12.10646398	12.05817592	11.71193004	11.18388534	9.948924967	10.00989557	9.200546482	8.910813293	8.613179189	8.462982871	9.482514192	9.748334161	9.924969	9.43253033	9.585061275	9.735002405	9.727834078	9.695027222	9.571662818
Montenegro	MNE																																23.84900093	22.95199966	23.00799942	28.54800034	26.61000061	29.35300064	25.31299973	25.82799911	24.23600006	28.21199989	25.3939991	25.64999962	25.84700012	26.32099915	26.2310009	22.19400024	18.16799927	16.21899986	18.03700066	18.91500092	19.44199944	19.28199959	20.04199982	17.80900002	18.21899986	18.19000053	15.375	15.36800003
Mongolia	MNG																																9.944000244	9.979999542	8.850000381	9.270000458	5.676000118	6.925000191	7.97300005	6.118999958	4.881000042	4.781000137	4.787000179	6.053999901	7.105999947	3.773999929	3.46600008	3.368000031	7.59499979	5.876999855	5.592000008	7.077000141	5.044000149	4.22300005	4.013000011	5.076000214	5.303999901	8.262000084	7.867000103	7.456999779
Northern Mariana Islands	MNP																																																											
Mozambique	MOZ																																22.59700012	20.4640007	20.1060009	19.85000038	19.60400009	19.60899925	19.75300026	19.56299973	19.44599915	19.36499977	19.12000084	19.02899933	18.92700005	19.03199959	19.14299965	19.24200058	19.38999939	19.54500008	19.73500061	19.96199989	20.23399925	20.56500053	21.2159996	23.06100082	23.05500031	22.94099998	22.84300041	22.73600006
Mauritania	MRT																																9.347000122	9.401000023	9.524000168	9.270999908	9.607999802	9.480999947	9.206999779	9.32199955	9.454999924	9.149999619	9.19299984	9.111000061	9.234999657	9.182999611	9.232999802	9.262000084	8.963000298	8.866000175	8.76099968	8.88599968	8.840999603	8.829999924	8.81000042	8.762000084	8.583999634	8.581999779	8.616999626	8.647999763
Mauritius	MUS																																8.166000366	8.078000069	7.902999878	7.741000175	7.606999874	7.184000015	6.784999847	6.440999985	6.039999962	5.81799984	5.382999897	5.269999981	5.69299984	5.888999939	5.835000038	5.565999985	5.260000229	4.111999989	4.420000076	4.600999832	5.183000088	5.366000175	5.343999863	5.433000088	5.528999805	4.789000034	4.868999958	4.796000004
Malawi	MWI																																5.359000206	5.150000095	5.385000229	5.144000053	5.415999889	5.407000065	5.355000019	5.261000156	5.333000183	5.303999901	5.281000137	5.375	5.479000092	5.501999855	5.489999771	5.460000038	5.498000145	5.396999836	5.346000195	5.250999928	5.138000011	5.007999897	4.987999916	4.977000237	4.90500021	4.870999813	4.877999783	4.886000156
Malaysia	MYS																																3.407999992	3.374000072	2.740999937	2.753999949	2.892999887	2.33100009	2.272000074	2.947999954	3.165999889	2.779999971	3.269999981	3.22300005	3.359999895	3.302999973	3.298000097	3.121000051	3.095000029	3.14199996	3.604000092	3.121999979	2.954999924	2.940999985	2.920000076	2.655999899	2.913000107	3.121999979	3.09800005	3.039000034
North America	NAC																																7.524544891	8.302146881	7.657375127	6.644047238	6.006347156	5.825409745	5.310526067	4.825774379	4.484123285	4.201570058	5.070987224	6.149602758	6.437191995	5.830856291	5.267350335	4.810603967	4.896454544	6.141939091	10.1949038	10.32458018	9.218747854	8.168158476	7.621841725	6.38138452	5.591287845	5.231408943	4.6554937	4.306020474
Namibia	NAM																																16.97699928	16.92700005	16.84900093	17.20000076	16.93199921	16.70700073	17.30200005	17.33799934	17.36700058	18.1420002	18.34900093	18.4829998	18.74099922	19.6779995	19.88199997	20.06100082	20.25499916	20.47699928	20.72200012	19.93099976	18.75300026	14.58399963	17.45199966	16.76300049	17.91799927	21.93700027	21.81599998	21.65500069
New Caledonia	NCL																																17.64599991	17.78800011	17.80999947	17.75099945	17.59300041	17.36300087	16.81399918	16.15099907	15.59399986	15.14799976	14.64799976	14.30099964	13.95899963	15.23999977	14.75399971	14.24499989	13.72299957	13.19999981	13.0909996	13.29100037	13.46100044	13.59700012	13.75699997	13.70400047	13.69799995	13.74100018	13.86800003	13.92800045
Niger	NER																																3.142999887	3.111000061	3.187000036	3.256000042	3.220000029	3.079999924	2.786000013	2.627000093	2.273000002	2	1.845999956	2.217999935	2.619999886	2.921000004	3.40899992	3.584000111	3.937000036	3.138000011	2.148999929	1.315999985	0.398000002	0.476000011	0.42899999	0.451000005	0.419999987	0.433999985	0.451999992	0.469999999
Nigeria	NGA																																5.396999836	5.388000011	4.361999989	4.361999989	4.34800005	4.343999863	4.346000195	4.34100008	4.337999821	4.311999798	4.309999943	4.296000004	4.300000191	4.31099987	4.263999939	4.210000038	4.153999805	4.103000164	4.047999859	3.996999979	3.967999935	3.927999973	3.884000063	4.952000141	4.68200016	7.673999786	7.646999836	7.625999928
Nicaragua	NIC																																12.03999996	12.95199966	13.45600033	13.95699978	14.93999958	14.80300045	12.32800007	13.07699966	10.2329998	9.173000336	5.846000195	11.4460001	7.467999935	5.546000004	5.136000156	5.511000156	4.800000191	5.745999813	7.656000137	7.346000195	6.09499979	4.843999863	5.160999775	3.842999935	3.812999964	3.796000004	3.839999914	3.892999887
Netherlands	NLD																																5.577000141	4.052000046	5.336999893	6.543000221	6.105000019	5.205999851	4.324999809	3.35800004	2.693000078	2.174000025	1.812000036	2.29399991	3.427000046	4.335000038	4.438000202	3.528000116	2.803999901	2.532000065	3.368999958	4.400000095	4.607999802	5.46999979	7.18900013	7.136000156	6.53000021	5.576000214	4.480000019	3.520999908
Norway	NOR																																5.764999866	6.59499979	6.636000156	5.893000126	6.291999817	4.776000023	4.397999763	3.493000031	3.263999939	3.618000031	3.851999998	3.959000111	4.454999924	4.563000202	4.550000191	3.451999903	2.555999994	2.720999956	3.552000046	4.039999962	3.414000034	3.559999943	3.59100008	3.707000017	4.56400013	5.362999916	4.578999996	4.288000107
Nepal	NPL																																5.111999989	5.322999954	5.357999802	5.087999821	5.399000168	5.217000008	4.388000011	3.571000099	2.058000088	1.949000001	1.904999971	1.97300005	1.825999975	1.746999979	1.725000024	1.684999943	1.639999986	1.601999998	2.069000006	2.480000019	2.970999956	3.344000101	3.822000027	3.482000113	3.622999907	3.599999905	3.23300004	3.187000036
Nauru	NRU																																																											
New Zealand	NZL																																11.27900028	11.39799976	10.44799995	8.782999992	6.448999882	6.322999954	6.84499979	7.818999767	7.309000015	6.270999908	5.489999771	5.146999836	4.43900013	3.559999943	3.526000023	3.559000015	3.368000031	3.953999996	5.867000103	5.922999859	5.816999912	6.164999962	5.235000134	4.752999783	4.928999901	4.761000156	4.541999817	4.691999912
OECD members	OED																																6.279451981	6.849735178	7.348637188	7.380149738	7.009879868	6.860324285	6.461673708	6.413585258	6.267794891	5.836626911	6.008895922	6.621672699	6.809005278	6.666941981	6.362124438	5.792746372	5.38965476	5.839316647	8.415249082	8.531111882	7.947264708	7.863370112	7.834150483	7.263204189	6.681175448	6.221741727	5.643281032	5.271019395
Oman	OMN																																3.198999882	3.157000065	3.11500001	3.069000006	2.996999979	3.072000027	3.118999958	3.229000092	3.321000099	3.302000046	3.309999943	3.342999935	3.33100009	3.289000034	3.257999897	3.301000118	3.34800005	3.315999985	3.121000051	2.905999899	2.786000013	2.516000032	2.312000036	2.094000101	1.870000005	1.746000051	1.833999991	1.898000002
Other small states	OSS																																9.905676326	9.932133899	11.03940194	11.43800435	12.08094565	11.54257106	11.81242698	12.19271005	10.45642121	10.1122586	10.38256309	11.04834434	10.86190424	11.39785277	10.80301878	9.738221073	9.466265288	9.098788315	9.539613665	8.863543006	8.707701503	8.098991511	8.437517231	8.226873685	8.158331936	8.336185845	8.124235197	8.17987712
Pakistan	PAK																																4.236999989	3.825000048	3.391000032	3.46600008	3.747999907	3.819000006	3.937999964	4.107999802	4.414999962	5.573999882	6.143000126	6.237999916	6.765999794	6.239999771	6.527999878	5.227000237	4.223999977	4.032999992	4.500999928	0.649999976	0.832000017	1.786000013	2.805000067	1.774999976	2.822000027	3.039000034	3.188999891	3.295000076
Panama	PAN																																12.88599968	10.84799957	9.774999619	10.71399975	10.78499985	11.30900002	10.77299976	10.30500031	8.906000137	11.05300045	12.1789999	11.19900036	10.57900047	9.515999794	8.152000427	7.210000038	5.294000149	4.610000134	5.146999836	5.318999767	4.21999979	3.496999979	3.339999914	4.019000053	3.690000057	3.489000082	3.578000069	3.650000095
Peru	PER																																5.721000195	6.117000103	5.309999943	4.767000198	5.039999962	5.742000103	5.204999924	6.190000057	5.934000015	5.69299984	6.058000088	5.703999996	4.900000095	4.524000168	4.850999832	3.855000019	3.881000042	3.654000044	3.858999968	3.197999954	3.289000034	2.779000044	2.983999968	2.868999958	3.032000065	3.497999907	3.47300005	3.509000063
Philippines	PHL																																3.592999935	3.582999945	3.576999903	3.572000027	3.559999943	3.549000025	3.53399992	3.519000053	3.520999908	3.515000105	3.502000093	3.460000038	3.335999966	3.345000029	3.545000076	3.875	3.246999979	3.539000034	3.684999943	3.493000031	3.437000036	3.355000019	3.292000055	3.520999908	2.901000023	2.601999998	2.194000006	1.761999965
Palau	PLW																																																											
Papua New Guinea	PNG																																4.002999783	4.004000187	3.996000051	3.940000057	3.878000021	3.944000006	3.869999886	3.936000109	3.907999992	3.878000021	3.76699996	3.657999992	3.546999931	3.391000032	3.282999992	3.144999981	3.065999985	2.871999979	2.786999941	2.694000006	3.529000044	3.54399991	3.536000013	3.572000027	3.559000015	3.572000027	3.605999947	3.635999918
Poland	POL																																11.34500027	12.15799999	12.65100002	13.12199974	12.15400028	11.01500034	9.276000023	8.373000145	11.55200005	14.59700012	16.95700073	19.22599983	18.8939991	18.48900032	16.59600067	12.95400047	8.994000435	6.43900013	7.767000198	9.324999809	9.005000114	9.418000221	9.68999958	8.498000145	7.328000069	6.105999947	4.872000217	4.339000225
Pre-demographic dividend	PRE																																6.904526114	6.744329629	6.598495062	6.606695297	6.396823667	6.431758171	6.420037117	6.377928824	6.408749482	6.506939788	6.511975984	6.258632357	6.217738691	6.238675434	6.083335213	6.044181555	5.925150453	5.82812318	5.689837681	5.631276537	5.448580709	5.234076505	5.188327343	5.405961472	5.364960591	5.883805646	5.905370647	5.911740733
Puerto Rico	PRI																																17.96500015	19.03800011	19.17300034	16.43199921	15.91600037	14.90200043	14.82999992	14.38099957	13.40200043	11.83199978	12.89299965	13.06099987	12.56400013	11.47700024	12.2329998	11.34700012	11.95300007	12.81099987	16.87899971	18.03100014	17.56800079	15.94900036	15.7510004	15.3210001	13.21800041	12.97500038	11.9289999	11.41899967
"Korea, Dem. Peoples Rep."	PRK																																9.628000259	9.967000008	9.298999786	8.373999596	8.881999969	5.777999878	5.697999954	5.501999855	5.264999866	5.347000122	5.228000164	5.302999973	5.30700016	5.318999767	5.276000023	5.406000137	5.401000023	5.275000095	5.375999928	5.355000019	5.309999943	5.288000107	5.28399992	5.271999836	5.309000015	5.514999866	5.53000021	5.419000149
Portugal	PRT																																2.608999968	3.378000021	4.532000065	5.861000061	6.485000134	6.372000217	5.809999943	3.802000046	4.203000069	3.052999973	2.895999908	3.815999985	5.165999889	5.578999996	6.657000065	6.540999889	6.599999905	6.47300005	8.828000069	9.758000374	12.34500027	15.5539999	16.00499916	13.47599983	12.15200043	10.97200012	8.411000252	6.981999874
Paraguay	PRY																																5.339000225	5.822000027	5.504000187	4.850999832	3.167000055	7.852000237	4.489999771	4.465000153	8.18999958	6.802000046	6.748000145	7.894999981	5.855999947	5.30700016	3.898000002	4.406000137	3.463000059	3.434000015	4.683000088	3.630000114	3.525000095	3.124000072	3.980000019	3.851999998	4.304999828	4.277999878	4.068999767	4.041999817
West Bank and Gaza	PSE																																14.45699978	14.4630003	14.45899963	14.38899994	14.13300037	24.16900063	20.11300087	14.25699997	11.65499973	13.71199989	27.08399963	33.45600128	26.78100014	28.15200043	23.78800011	24.4260006	22.30699921	27.16300011	24.12700081	23.06999969	19.16600037	20.50300026	20.53800011	23.99300003	22.36599922	22.18400002	22.14699936	21.62100029
Pacific island small states	PSS																																3.793901352	3.567108144	3.809922324	3.782504591	3.677065805	3.905672556	4.069933405	4.287935284	4.520479365	4.654899153	4.846114846	4.952394946	4.880958681	3.354956673	3.245228923	3.905523914	4.691352065	4.891108684	4.823693187	4.957856233	5.05341993	5.164462959	4.593786781	4.0006767	3.969778359	4.002594307	4.001601328	3.959743261
Post-demographic dividend	PST																																6.259607253	6.847181074	7.369181182	7.306954586	6.818855701	6.952892992	6.789305374	6.873309973	6.62937556	6.083583359	6.060935212	6.484395538	6.666310041	6.395996136	6.061998104	5.662933481	5.289183949	5.754466865	8.34697292	8.566533344	8.099096518	8.089797083	8.041146636	7.439025815	6.832006174	6.356573151	5.769319579	5.321588428
French Polynesia	PYF																																12.59899998	12.49100018	12.30099964	12.125	11.97799969	11.7840004	11.42399979	11.02200031	10.67000008	10.40100002	10.19999981	10.59200001	10.69799995	10.8210001	10.88500023	10.97500038	10.98499966	13.05000019	15.11100006	17.29100037	19.34799957	21.14699936	21.03000069	20.8920002	20.78899956	20.38199997	20.1609993	19.8239994
Qatar	QAT																																2.335999966	2.290999889	2.405999899	2.382999897	2.344000101	2.282999992	2.121999979	2.109999895	2.109999895	2.055000067	2.196000099	1.875	1.582000017	1.014999986	0.691999972	0.360000014	0.203999996	0.128000006	0.122000001	0.140000001	0.170000002	0.138999999	0.088	0.064000003	0.057999998	0.056000002	0.054000001	0.054000001
Romania	ROU																																8.427000046	8.612999916	8.37899971	7.672999859	7.507999897	6.25	5.179999828	5.769000053	6.857999802	7.486000061	7.039000034	8.548000336	7.423999786	9.015000343	7.774000168	8.217000008	7.223999977	6.68200016	7.671000004	7.573999882	7.748000145	7.349999905	7.71600008	7.354000092	7.539000034	6.597000122	5.604000092	5.262000084
Russian Federation	RUS																																6.001999855	5.406000137	5.961999893	8.265000343	9.755000114	10.05500031	12.13500023	13.5909996	13.53499985	10.77900028	9.343999863	8.154999733	8.781999588	8.01099968	7.313000202	7.495999813	6.434999943	6.565000057	8.998999596	7.877999783	6.971000195	5.791999817	5.762000084	5.481999874	5.81799984	5.748000145	5.346000195	5.210000038
Rwanda	RWA																																0.270999998	0.379999995	0.495000005	0.606999993	0.703000009	0.791000009	0.790000021	0.796000004	0.800000012	0.797999978	0.799000025	0.800000012	1.019999981	1.226999998	1.434999943	1.643000007	1.850999951	2.051000118	2.262000084	2.460999966	2.657999992	2.795000076	1.90199995	1.067999959	1.06400001	1.138000011	1.203999996	1.266000032
South Asia	SAS																																3.856033144	3.701177488	3.726241466	3.645449708	3.683190044	3.79995317	4.057803425	4.049483755	4.052953412	4.429678865	4.465768168	4.52081266	4.453291806	4.408046786	4.326914639	4.010820239	3.806850821	3.930175504	3.680175686	3.040161439	3.080290733	3.300778593	3.287119363	3.142609864	3.306004497	3.336499583	3.373561522	3.402737472
Saudi Arabia	SAU																																7.743000031	7.471000195	6.660999775	5.822000027	5.147999763	4.840000153	4.539999962	4.126999855	3.704999924	3.792999983	3.891000032	4.257999897	4.406000137	4.539000034	4.650000095	4.737999916	4.245999813	3.582000017	3.588999987	3.47300005	3.322999954	2.630000114	2.786999941	2.769999981	2.463000059	2.559999943	2.523999929	2.470999956
Sudan	SDN																																9.605999947	9.812000275	9.559000015	9.593999863	9.506999969	9.380999565	9.383999825	9.329999924	9.418999672	9.31799984	9.282999992	9.342000008	9.317000389	9.326999664	9.30300045	9.258000374	9.258999825	9.293999672	9.425000191	9.256999969	9.404999733	9.421999931	9.270999908	9.213000298	9.177000046	9.119000435	9.137999535	9.135000229
Senegal	SEN																																4.78000021	4.788000107	4.789999962	4.791999817	4.775000095	4.788000107	4.782999992	4.772999763	4.770999908	4.781000137	4.770999908	4.77699995	5.589000225	6.421000004	7.247000217	8.081000328	8.027000427	8.003000259	7.989999771	7.964000225	8.043999672	7.270999908	6.526000023	5.776000023	4.843999863	4.782999992	4.729000092	4.679999828
Singapore	SGP																																2.171999931	3.029999971	2.888999939	2.803999901	3.217999935	3.384000063	2.427999973	3.165999889	4.602000237	3.551000118	3.64199996	5.511000156	5.697000027	5.554999828	5.250999928	4.126999855	3.572999954	3.595999956	4.256999969	3.072000027	2.888999939	2.809999943	2.732000113	2.73300004	1.646000028	1.753999949	1.975000024	1.794999957
Solomon Islands	SLB																																2.137000084	2.174000025	2.14199996	2.171999931	2.178999901	2.119999886	2.096999884	2.09800005	2.073999882	2.046999931	2.042999983	2.036999941	2.072000027	2.065000057	2.066999912	2.006999969	2.003999949	1.991000056	1.927000046	1.973999977	1.991000056	1.958999991	1.957000017	1.960000038	1.967000008	1.968999982	1.970999956	1.972000003
Sierra Leone	SLE																																4.559000015	4.565999985	4.539000034	4.53000021	4.584000111	4.600999832	4.59800005	4.56099987	4.590000153	4.546999931	4.498000145	4.499000072	4.53000021	4.580999851	4.735000134	4.870999813	4.977000237	5.102000237	5.21600008	5.302999973	5.387000084	5.429999828	5.498000145	5.547999859	5.559000015	5.427999973	5.27699995	5.138000011
El Salvador	SLV																																8.112000465	8.312999725	11.72900009	8.43200016	8.678999901	8.37100029	9.526000023	7.934000015	8.126999855	9.055999756	8.105999947	7.406000137	8.328000069	7.790999889	8.857999802	8.413999557	8.26099968	7.44299984	9.01099968	5.407000065	4.927000046	4.236000061	3.95600009	4.902999878	4.376999855	4.828000069	4.980999947	5.107999802
San Marino	SMR																																																											
Somalia	SOM																																5.721000195	5.743000031	5.711999893	5.743000031	5.703000069	5.69299984	5.710000038	5.683000088	5.673999786	5.673999786	5.676000118	5.677999973	5.686999798	5.699999809	5.714000225	5.737999916	5.758999825	5.782000065	5.804999828	5.826000214	5.846000195	5.859000206	5.867000103	5.875999928	5.886000156	5.831999779	5.791999817	5.742000103
Serbia	SRB																																11.92199993	11.73999977	11.96700001	13.00300026	12.52900028	12.34599972	12.92099953	12.83199978	12.80500031	11.79100037	11.98600006	12.93400002	14.25399971	17.36599922	17.08099937	17.90800095	15.73799992	11.91600037	14.79300022	18.46899986	22.37000084	23.26399994	20.82500076	18.3939991	17.10199928	14.61299992	13.39700031	12.3409996
Sub-Saharan Africa (excluding high income)	SSA																																6.792558289	6.723310276	6.60114283	6.595935834	6.465200836	6.707686608	6.906928903	7.111565252	7.164872879	7.114539814	7.198433684	7.071564113	6.95707561	6.709043808	6.457759851	6.266446457	6.241995343	6.210357753	6.302512342	6.238003303	6.038738323	5.862754624	5.74385546	5.892018153	5.869987932	6.388160173	6.435260728	6.430136591
South Sudan	SSD																																11.06700039	10.89599991	10.98099995	10.95300007	11.22799969	11.21100044	11.26500034	11.12800026	11.13599968	11.10700035	11.15600014	11.20699978	11.09300041	11.18400002	11.17700005	11.16899967	11.21000004	11.18500042	11.15699959	11.17399979	10.80599976	10.49199963	11.73900032	11.16100025	11.00800037	10.4659996	10.32600021	10.16499996
Sub-Saharan Africa	SSF																																6.792558289	6.723310276	6.60114283	6.595935834	6.465200836	6.707686608	6.906928903	7.111565252	7.164872879	7.114539814	7.198433684	7.071564113	6.95707561	6.709043808	6.457759851	6.266446457	6.241995343	6.210357753	6.302512342	6.238003303	6.038738323	5.862754624	5.74385546	5.892018153	5.869987932	6.388160173	6.435260728	6.430136591
Small states	SST																																10.39752275	10.39965841	11.25700839	11.1688896	11.71319291	11.15783944	11.32188663	11.37261084	10.25479048	9.952190035	9.971042052	10.43060431	10.00695395	10.25243318	9.808195065	8.84335252	8.618814948	8.457691968	9.047474308	8.670649562	8.521132081	8.293668096	8.47155999	8.110838262	8.048478039	8.1867488	8.011184579	8.033274368
Sao Tome and Principe	STP																																12.57900047	12.54300022	12.53100014	12.57800007	12.58500004	12.56999969	12.57299995	12.68500042	12.69099998	12.56200027	10.19799995	12.84799957	10.92399979	11.55500031	11.3380003	11.63199997	10.97299957	10.87199974	10.36999989	9.98900032	9.569999695	9.121999741	9.053999901	8.994000435	8.947999954	8.920999527	8.94699955	8.949999809
Suriname	SUR																																17.58699989	13.62899971	11.57400036	11.0880003	7.019999981	7.821000099	7.709000111	7.53000021	10.04699993	9.229000092	7.471000195	7.191999912	6.215000153	5.749000072	5.960999966	5.611999989	5.497000217	5.422999859	5.368000031	4.477000237	4.080999851	3.694000006	2.823999882	3.683000088	4.416999817	5.212999821	5.255000114	5.163000107
Slovak Republic	SVK																																12.36499977	12.82999992	12.52299976	13.28800011	12.55900002	10.23600006	11.1079998	11.89700031	15.98200035	19.43799973	20.07600021	18.67000008	16.98399925	17.74600029	15.4659996	12.27299976	9.897000313	8.359999657	11.39000034	14.20100021	13.61100006	13.51500034	13.97399998	12.81799984	10.31700039	8.765999794	7.897999763	7.059000015
Slovenia	SVN																																8.06099987	8.633000374	10.33100033	9.362999916	7.415999889	7.132999897	6.382999897	7.320000172	7.196000099	6.795000076	5.401000023	5.625999928	6.019999981	5.677000046	6.063000202	4.887000084	3.960999966	3.987999916	5.906000137	7.422999859	8.164999962	8.388999939	9.418000221	8.920000076	8.045000076	7.487999916	5.763999939	5.465000153
Sweden	SWE																																3.506000042	6.730000019	10.85499954	10.87699986	9.831999779	10.43000031	10.97200012	9.748000145	8.291999817	5.894999981	4.313000202	4.372000217	5.328999996	5.90500021	7.774000168	6.883999825	5.848999977	5.876999855	8.602999687	8.651000023	7.813000202	8.19299984	8.175999641	8.194999695	7.53399992	7.356999874	6.97300005	6.552000046
Eswatini	SWZ																																20.9640007	20.86000061	20.77199936	20.68899918	20.62599945	20.89299965	21.59000015	21.6060009	21.59700012	21.57600021	21.57999992	21.55200005	21.54299927	21.54700089	21.52799988	21.51799965	27.67399979	27.62899971	27.49300003	27.33799934	27.10199928	26.79000092	26.45599937	26.15800095	25.88599968	25.90399933	25.94599915	26.02099991
Sint Maarten (Dutch part)	SXM																																																											
Seychelles	SYC																																																											
Syrian Arab Republic	SYR																																4.956999779	6.268000126	7.660999775	6.342999935	5.346000195	5.517000198	5.711999893	5.750999928	5.940000057	7.014999866	8.227999687	8.531000137	7.741000175	7.123000145	6.512000084	5.205999851	5.198999882	8.319000244	5.646999836	6.201000214	10.74499989	10.68200016	10.64599991	10.53499985	10.76299953	10.79899979	10.97599983	11.00699997
Turks and Caicos Islands	TCA																																																											
Chad	TCD																																4.540999889	4.59499979	4.631000042	4.636000156	4.675000191	4.693999767	4.706999779	4.722000122	4.755000114	4.767000198	4.754000187	4.777999878	4.78000021	4.788000107	4.81400013	4.842000008	4.839000225	4.839000225	4.833000183	4.80700016	4.835999966	4.804999828	4.804999828	4.789000034	4.784999847	4.90899992	4.959000111	4.986999989
East Asia & Pacific (IDA & IBRD countries)	TEA																																4.501031137	4.099430756	4.07864157	4.100225713	4.287057916	4.340871189	4.502982701	4.76762753	4.836094884	4.641799258	4.612573029	4.52163983	4.399156827	4.423469579	4.392276932	4.287178842	4.13080147	4.569977687	4.431792976	4.253461113	4.304192984	4.313926436	4.380051107	4.398269995	4.451046675	4.414378536	4.364153274	4.349198617
Europe & Central Asia (IDA & IBRD countries)	TEC																																7.562187907	7.339620357	7.620906691	8.764909629	9.094039837	9.42276132	10.06733215	10.84445225	11.44812795	10.54525389	10.43533979	10.44340592	10.4114921	10.06124957	9.331892705	8.799842577	7.859979652	7.617594492	9.477489336	8.951840788	8.297038012	7.767660738	7.774753905	7.88397153	7.765922233	7.56390708	7.252393275	7.059159987
Togo	TGO																																2.213000059	2.217999935	2.221999884	2.197999954	2.197999954	2.220999956	2.207000017	2.210999966	2.197000027	2.194000006	2.190000057	2.184999943	2.16899991	2.167999983	2.164000034	2.154999971	2.155999899	2.154000044	2.150000095	2.147000074	2.144000053	2.137000084	2.130000114	2.125999928	2.121000051	2.125	2.128999949	2.134000063
Thailand	THA																																2.743000031	1.406000018	1.531999946	1.125	1.018000007	1.034000039	0.841000021	3.398999929	2.980999947	2.437999964	2.697999954	1.902999997	1.633000016	1.625	1.462000012	1.297000051	1.268000007	1.291000009	1.519999981	0.617999971	0.649999976	0.623000026	0.503000021	0.592999995	0.596000016	0.897000015	1.039000034	1.218999982
Tajikistan	TJK																																7.526000023	6.355999947	6.506000042	7.171999931	7.534999847	10.93299961	11.44799995	11.04399967	11.69799995	11.22000027	10.88500023	11.44499969	11.36699963	11.31499958	10.92599964	10.81000042	10.94099998	10.81299973	11.31000042	11.72000027	10.90799999	10.33600044	10.17199993	10.0170002	9.895999908	9.845000267	9.854999542	9.854000092
Turkmenistan	TKM																																2.743000031	2.326999903	2.342999935	2.582000017	2.710999966	3.924000025	4.251999855	3.940000057	4.02699995	3.88499999	3.763000011	3.960000038	3.91899991	3.927000046	3.729000092	3.703999996	3.744999886	3.64199996	3.877000093	4.010000229	3.654999971	3.510999918	3.46600008	3.404000044	3.395999908	3.302000046	3.221999884	3.157999992
Latin America & the Caribbean (IDA & IBRD countries)	TLA																																5.125497665	5.376221445	5.3541519	5.592698216	6.630570543	6.905708154	6.461537796	6.971225064	7.932603183	7.836174007	7.507037497	7.932183271	7.52362288	6.862767166	6.57831593	6.014375389	5.576689575	5.470259177	6.290456799	5.750410222	5.350022178	5.469953596	5.419628651	5.325398266	5.705012314	6.829591799	7.259066745	6.861091064
Timor-Leste	TLS																																9.248999596	9.092000008	8.93900013	8.791999817	8.675000191	8.550000191	8.484999657	8.359999657	8.225000381	8.741000175	8.770000458	7.874000072	7.451000214	6.968999863	6.467999935	5.618999958	6.058000088	5.097000122	4.197999954	2.789999962	2.763999939	2.743000031	2.736999989	2.76699996	2.785000086	2.864000082	2.940000057	2.989000082
Middle East & North Africa (IDA & IBRD countries)	TMN																																11.37374218	11.32365775	11.85077494	12.36090794	13.21180119	11.76902821	11.40004953	11.68297485	11.64113141	12.09369002	11.93799211	11.54098494	11.05968995	9.8020477	9.8977847	9.074321815	8.795933136	8.44793411	8.326449629	9.362517886	9.661201663	9.823989833	9.323944395	9.437204759	9.600351294	9.592875446	9.557200768	9.435765534
Tonga	TON																																1.008000016	0.973999977	0.950999975	1.223999977	1.506000042	1.784999967	2.073999882	2.38499999	2.688999891	2.996000051	3.272000074	3.535000086	3.799000025	3.04399991	2.292000055	0.797999978	0.791999996	0.787999988	0.782999992	0.781000018	0.782000005	0.783999979	0.791999996	0.801999986	0.808000028	0.809000015	0.838999987	0.86500001
South Asia (IDA & IBRD)	TSA																																3.856033144	3.701177488	3.726241466	3.645449708	3.683190044	3.79995317	4.057803425	4.049483755	4.052953412	4.429678865	4.465768168	4.52081266	4.453291806	4.408046786	4.326914639	4.010820239	3.806850821	3.930175504	3.680175686	3.040161439	3.080290733	3.300778593	3.287119363	3.142609864	3.306004497	3.336499583	3.373561522	3.402737472
Sub-Saharan Africa (IDA & IBRD countries)	TSS																																6.792558289	6.723310276	6.60114283	6.595935834	6.465200836	6.707686608	6.906928903	7.111565252	7.164872879	7.114539814	7.198433684	7.071564113	6.95707561	6.709043808	6.457759851	6.266446457	6.241995343	6.210357753	6.302512342	6.238003303	6.038738323	5.862754624	5.74385546	5.892018153	5.869987932	6.388160173	6.435260728	6.430136591
Trinidad and Tobago	TTO																																15.71399975	17.09600067	17.62899971	16.35300064	15.2130003	13.21199989	12.10099983	11.34300041	10.83500004	10.18999958	8.68500042	7.769000053	7.784999847	6.143000126	5.771999836	4.485000134	3.868000031	3.506999969	4.577000141	5.145999908	3.961999893	4.173999786	2.752000093	2.849999905	2.865999937	3.551000118	3.940999985	4.122000217
Tunisia	TUN																																16.18899918	15.96199989	16.08200073	15.98700047	15.87899971	15.59500027	15.49300003	15.52000046	15.60700035	15.30300045	14.66800022	14.94400024	13.92099953	12.47500038	12.0539999	11.54599953	11.32600021	11.13500023	11.27900028	10.89999962	15.0539999	14.65600014	13.29699993	12.68700027	12.58899975	12.63899994	12.58699989	12.55099964
Turkey	TUR																																8.76099968	8.906000137	8.911000252	8.864999771	7.853000164	6.972000122	6.540999889	6.993999958	7.802999973	6.631000042	8.798999786	10.8039999	10.79599953	10.84700012	10.50599957	8.626000404	8.817000389	9.656999588	12.59200001	10.42000008	8.305000305	7.65199995	7.954999924	9.053999901	9.18900013	9.557999611	9.770000458	9.805000305
Tuvalu	TUV																																																											
Tanzania	TZA																																2.578000069	2.673000097	2.765000105	2.855000019	2.941999912	3.035000086	3.128999949	3.219000101	3.305000067	3.394000053	3.602999926	2.566999912	2.714999914	2.859999895	3.006000042	3.118000031	2.864000082	2.480999947	1.768000007	2.104000092	2.588999987	2.33100009	2.012000084	1.585999966	1.585000038	1.618000031	1.651000023	1.680999994
Uganda	UGA																																1.264999986	0.745999992	0.953999996	1.162999988	1.373000026	1.588000059	1.80400002	2.01699996	2.229000092	2.451999903	2.657000065	2.846999884	2.611999989	2.078999996	1.552000046	2.019999981	2.48300004	2.944999933	3.401000023	3.276000023	3.148999929	2.897000074	1.375	1.371999979	1.366999984	1.417999983	1.452000022	1.481999993
Ukraine	UKR																																6.335000038	5.929999828	5.772999763	6.026000023	6.302000046	8.576000214	10.0170002	12.70699978	13.02000046	13.06000042	12.31099987	10.85200024	10.20499992	8.861000061	7.499000072	7.72300005	7.209000111	7.225999832	10.26399994	9.288000107	8.940999985	8.527000427	8.034999847	10.84500027	10.09599972	10.61999989	10.80200005	10.25699997
Upper middle income	UMC																																5.845102602	5.516646295	5.499695022	5.739116029	6.066652234	6.128414534	6.211719578	6.647299069	6.867360955	6.540965668	6.42849334	6.315379217	6.217595343	5.962812594	5.760842617	5.470217869	5.182524398	5.537393254	5.911276426	5.684491734	5.589898844	5.65344739	5.629236374	5.653634761	5.80760354	6.070306993	6.155882191	6.058500913
Uruguay	URY																																7.183000088	6.901000023	6.532000065	7.004000187	7.914000034	9.263999939	8.824000359	7.528999805	8.755000114	10.66399956	11.28199959	13.56299973	13.10299969	10.14099979	9.638999939	7.831999779	6.587999821	5.472000122	5.217999935	5.309999943	4.860000134	4.93900013	5.006000042	5.072000027	6.367000103	6.505000114	6.56799984	6.623000145
United States	USA																																7.144999981	7.882999897	7.175000191	6.168000221	5.585999966	5.376999855	4.875999928	4.419000149	4.114999771	3.898999929	4.797999859	5.926000118	6.264999866	5.639999866	5.065999985	4.614999771	4.724999905	6.092000008	10.27299976	10.50599957	9.369000435	8.222000122	7.637000084	6.262000084	5.367000103	4.93900013	4.401000023	4.070000172
Uzbekistan	UZB																																6.381999969	6.224999905	6.336999893	6.295000076	6.370999813	8.357000351	8.340000153	8.338000298	8.336000443	8.340999603	8.343999863	8.350999832	8.357000351	8.352000237	8.357000351	8.359000206	8.350999832	8.347999573	8.336999893	8.31099987	8.277000427	8.234999657	8.18500042	8.126999855	8.062999725	7.606999874	7.25	6.93599987
St. Vincent and the Grenadines	VCT																																18.45100021	17.6590004	18.13999939	18.98699951	17.65399933	18.57699966	18.04899979	17.88400078	18.29400063	18.34399986	19.75	18.48500061	17.92900085	17.79199982	17.62400055	16.70599937	16.76300049	17.49699974	17.56299973	17.56999969	17.30800056	17.02599907	16.7670002	17.13500023	16.93600082	17.22299957	17.28700066	17.24699974
"Venezuela, RB"	VEN																																9.588000298	8.196000099	7.211999893	7.988999844	8.87100029	10.26299953	9.704999924	9.866999626	13.69999981	12.64000034	11.66300011	14.52299976	14.55900002	12.48700047	10.44999981	8.234999657	7.045000076	6.512000084	7.427999973	7.802999973	7.020999908	6.732999802	6.829999924	6.402999878	6.241000175	6.34499979	7.048999786	7.204999924
British Virgin Islands	VGB																																																											
Virgin Islands (U.S.)	VIR																																7.197000027	7.190000057	6.265999794	7.848999977	7.201000214	6.835999966	7.306000233	6.388999939	6.868000031	5.604000092	6.508999825	5.288000107	7.05700016	6.731999874	6.734000206	6.406000137	6.330999851	6.552999973	7.15500021	6.526000023	7.294000149	7.663000107	7.179999828	6.816999912	6.745999813	6.68599987	6.59800005	6.519000053
Vietnam	VNM																																1.945000052	1.940999985	1.917000055	1.898000002	1.878000021	1.855000019	2.765000105	2.210000038	2.252000093	2.188999891	2.677999973	2.061000109	2.191999912	1.851999998	2.073999882	2.290999889	2.506999969	2.365999937	2.545000076	2.64199996	2.030999899	1.787999988	1.929999948	1.899999976	2.234999895	2.23300004	2.186000109	2.229000092
Vanuatu	VUT																																4.938000202	4.93599987	4.918000221	4.980000019	4.902999878	4.93599987	4.980999947	4.953999996	4.960999966	5.028999805	4.967000008	4.985000134	5.05700016	5.047999859	5.050000191	5.051000118	4.989999771	4.959000111	4.870999813	4.802999973	4.770999908	4.747000217	4.721000195	4.698999882	4.678999901	4.678999901	4.642000198	4.614999771
World	WLD																																5.393010149	5.336741721	5.448766349	5.525294952	5.627134615	5.672637029	5.746167533	5.938098526	6.037086702	5.90820083	5.879867458	5.958841785	5.871125486	5.684649587	5.521437718	5.214308301	4.953441115	5.16197935	5.64589799	5.429370058	5.290570438	5.305167169	5.272339867	5.150946648	5.143039573	5.206912359	5.135456299	5.027014045
Samoa	WSM																																1.863000035	2.150000095	2.375999928	2.65199995	2.884000063	3.111000061	3.282999992	3.490999937	3.670000076	3.907999992	4.46999979	3.789999962	3.119999886	2.453000069	1.825000048	1.116999984	1.927000046	2.760999918	3.532999992	4.355000019	5.195000172	7.818999767	7.856999874	7.756000042	7.789999962	7.525000095	7.288000107	7.210000038
Kosovo	XKX																																																											
"Yemen, Rep."	YEM																																9.635000229	9.454000473	9.479000092	9.362000465	9.930999756	10.58899975	11.19999981	11.79199982	12.45300007	12.28800011	12.25300026	12.13099957	12.00800037	11.87100029	10.77900028	11.23400021	11.10499954	10.97999954	10.86999989	12.45400047	12.89500046	12.43299961	12.27400017	12.33899975	12.67099953	12.60400009	12.81499958	12.85700035
South Africa	ZAF																																17.44300079	17.34300041	17.37100029	17.37400055	14.53999996	17.59199905	19.15399933	21.30500031	21.34700012	20.61899948	23.25300026	23.69300079	23.80400085	21.3560009	20.21299934	18.81299973	18.95000076	19.74300003	21.92300034	22.86000061	22.58499908	22.86100006	22.96899986	23.15800095	23.21100044	24.55400085	25.5510006	25.59000015
Zambia	ZMB																																17.90999985	18.37800026	18.68600082	17.54700089	16.40099907	14.23799992	12.74600029	11.3920002	11.85999966	14.77200031	13.97000027	13.18200016	12.36600018	11.56900024	10.76900005	9.88599968	9.005999565	7.514999866	10.04899979	12.62300014	9.43500042	7.243999958	7.228000164	7.197000027	7.175000191	7.234000206	7.281000137	7.315999985
Zimbabwe	ZWE																																6.587999821	6.30700016	6.502999783	6.704999924	7.191999912	7.679999828	8.645999908	7.931000233	7.222000122	6.703000069	6.251999855	5.539000034	4.887000084	4.257999897	4.300000191	4.379000187	4.40899992	4.355999947	4.638000011	4.728000164	4.749000072	4.708000183	4.554999828	4.473999977	4.421999931	4.381000042	4.349999905	4.328999996
